-- Generated from src/lib/data/seed.ts — do not edit by hand. Run: node scripts/gen-seed-sql.mjs
insert into orgs (id, name, plan, daily_cap, weekly_cap, sender_email, bcc_email) values ('bca54499-03c8-469b-a48d-b9f442e44f69', 'ablute_', 'free', 5, 20, 'nunomarujo@ablute.pt', 'investors@ablute.pt');
-- After creating your auth user, link it: insert into org_members (org_id, user_id, role) values ('bca54499-03c8-469b-a48d-b9f442e44f69', '<your-user-uuid>', 'owner');
insert into entities (id, org_id, name, type, hq_city, hq_country, invests_in_geographies, website, website_verified, email_domain, email_domain_verified, stage_min, stage_max, check_min_eur, check_max_eur, sectors, thesis, fit_score, wave, our_angle, the_ask, submission_channel, submission_channel_type, hard_filter, hard_filter_status, network_cluster_notes, interest_eur, contact_lock_until, status, dormant_since, dormant_reason) values ('ed15b5bd-b6fb-44f5-a551-7975d4b38ab5', 'bca54499-03c8-469b-a48d-b9f442e44f69', 'Bynd VC', 'vc', 'Porto', 'PT', '{"Portugal","Iberia"}', 'https://bynd.vc', false, 'bynd.vc', true, 'seed', 'series_a', 1000000, 2500000, '{"deep tech"}', 'Portuguese VC with a northern-region mandate; deep tech.', 'high', 1, 'Northern-region deep tech that stays northern — the pilot is Porto/Matosinhos/Maia.', 'A first partner conversation about the €1.3M seed.', null, 'unknown', null, 'not_applicable', 'Lurdes Gramaxo is President of Investors Portugal and on the APBA board — the best warm-intro node in Portugal.', null, null, 'not_contacted', null, null);
insert into entities (id, org_id, name, type, hq_city, hq_country, invests_in_geographies, website, website_verified, email_domain, email_domain_verified, stage_min, stage_max, check_min_eur, check_max_eur, sectors, thesis, fit_score, wave, our_angle, the_ask, submission_channel, submission_channel_type, hard_filter, hard_filter_status, network_cluster_notes, interest_eur, contact_lock_until, status, dormant_since, dormant_reason) values ('dbaf948f-8172-4bef-a00e-0c6992aaedae', 'bca54499-03c8-469b-a48d-b9f442e44f69', 'COREangels Porto', 'angel_network', 'Porto', 'PT', '{"Portugal"}', 'https://coreangels.com', false, 'coreangels.com', false, 'pre_seed', 'seed', 50000, 500000, '{"generalist"}', null, 'medium_high', 1, 'Local + coachable; pitch what the syndicate’s angels get to help with (institutional B2B rollout in Greater Porto), not just the cheque.', 'Route the opportunity internally — one coordinated approach.', 'COREangels Porto contact form', 'form', 'Publicly states valuations below €5M; our ask is €7–10M pre-money.', 'open', 'David Alves can route internally to Terry Huang (COREangels Health Ventures). One coordinated approach, not two cold ones.', null, null, 'not_contacted', null, null);
insert into entities (id, org_id, name, type, hq_city, hq_country, invests_in_geographies, website, website_verified, email_domain, email_domain_verified, stage_min, stage_max, check_min_eur, check_max_eur, sectors, thesis, fit_score, wave, our_angle, the_ask, submission_channel, submission_channel_type, hard_filter, hard_filter_status, network_cluster_notes, interest_eur, contact_lock_until, status, dormant_since, dormant_reason) values ('ea4b68f1-35d2-420b-a029-528d9c80ca70', 'bca54499-03c8-469b-a48d-b9f442e44f69', 'COREangels Health Ventures', 'angel_network', null, 'PT', '{"Europe"}', null, false, null, false, 'pre_seed', 'seed', null, null, '{"healthtech"}', null, 'medium_high', 2, 'Health-focused angel group; route via David Alves (COREangels Porto).', 'An internal referral from David Alves.', null, 'unknown', null, 'not_applicable', 'Gregor Hoffman co-leads with Terry Huang — do not contact both cold.', null, null, 'not_contacted', null, null);
insert into entities (id, org_id, name, type, hq_city, hq_country, invests_in_geographies, website, website_verified, email_domain, email_domain_verified, stage_min, stage_max, check_min_eur, check_max_eur, sectors, thesis, fit_score, wave, our_angle, the_ask, submission_channel, submission_channel_type, hard_filter, hard_filter_status, network_cluster_notes, interest_eur, contact_lock_until, status, dormant_since, dormant_reason) values ('030e5195-e6b5-4a49-ac0e-eae42c502c00', 'bca54499-03c8-469b-a48d-b9f442e44f69', 'Nina Capital', 'vc', 'Barcelona', 'ES', '{"Europe"}', 'https://nina.capital', true, 'nina.capital', true, 'pre_seed', 'seed', 500000, 1500000, '{"healthtech","digital health"}', 'Biodesign — “deep understanding of the NEED is the DNA of every great invention.” “We’re not anti-AI. We’re anti-bullshit healthtech.” 400+ startups/quarter; they start with a deck and questions by email on purpose.', 'high', 2, 'Lead with the NEED, not the tech — adherence to preventive monitoring is what every wearable fails at. Frame the pilot as clinical validation, not growth.', 'Submit deck via dealflow@, then a short LinkedIn note referencing the submission.', 'dealflow@nina.capital', 'email', null, 'not_applicable', null, null, null, 'not_contacted', null, null);
insert into entities (id, org_id, name, type, hq_city, hq_country, invests_in_geographies, website, website_verified, email_domain, email_domain_verified, stage_min, stage_max, check_min_eur, check_max_eur, sectors, thesis, fit_score, wave, our_angle, the_ask, submission_channel, submission_channel_type, hard_filter, hard_filter_status, network_cluster_notes, interest_eur, contact_lock_until, status, dormant_since, dormant_reason) values ('f5928973-fcfa-41dd-af6b-176b8bd3e462', 'bca54499-03c8-469b-a48d-b9f442e44f69', 'Calm/Storm Ventures', 'vc', 'Vienna', 'AT', '{"Europe"}', 'https://calmstorm.vc', true, 'calmstorm.vc', true, 'pre_seed', 'seed', 25000, 250000, '{"taboo health","digital health"}', '#tabootech; ~100 portfolio companies incl. chronic constipation.', 'high', 2, 'The toilet is the most taboo data source in health — which is exactly why nobody built it. The taboo is the moat, not the obstacle.', 'Join the round as co-investor (signal + network play). Never ask them to lead.', 'https://calmstorm.vc/pitch', 'form', 'Co-invests only, never leads a full round — needs a lead alongside.', 'open', 'Polagnoli built Speedinvest’s health team — these funds’ people know each other; keep messaging consistent.', null, null, 'not_contacted', null, null);
insert into entities (id, org_id, name, type, hq_city, hq_country, invests_in_geographies, website, website_verified, email_domain, email_domain_verified, stage_min, stage_max, check_min_eur, check_max_eur, sectors, thesis, fit_score, wave, our_angle, the_ask, submission_channel, submission_channel_type, hard_filter, hard_filter_status, network_cluster_notes, interest_eur, contact_lock_until, status, dormant_since, dormant_reason) values ('dd4ef882-db55-4e25-a32d-f731ab48d033', 'bca54499-03c8-469b-a48d-b9f442e44f69', 'Crista Galli Ventures', 'family_office', 'London', 'UK', '{"Europe"}', 'https://cristagalli.com', true, 'ipqcap.com', true, 'seed', 'series_a', 500000, 2000000, '{"healthtech","deeptech healthcare","techbio"}', '“From liquid biopsies to digital biomarkers, we can diagnose earlier & monitor continuously outside hospital.” “Salutogenesis instead of pathogenesis.” “As a Family Office, we think in decades, not quarters.” “We are physician scientists before investors.” Looks for: scientific differentiation · exceptional founders · meaningful patient impact · a deep understanding of healthcare.', 'high', 2, 'Continuous passive longitudinal sampling vs. the episodic clinic snapshot. Evergreen = patient capital through a hardware timeline — say so. Address “deep understanding of healthcare” explicitly.', 'Submit to pitch@ipqcap.com first, then a LinkedIn note referencing the submission.', 'pitch@ipqcap.com', 'email', null, 'not_applicable', null, null, null, 'not_contacted', null, null);
insert into entities (id, org_id, name, type, hq_city, hq_country, invests_in_geographies, website, website_verified, email_domain, email_domain_verified, stage_min, stage_max, check_min_eur, check_max_eur, sectors, thesis, fit_score, wave, our_angle, the_ask, submission_channel, submission_channel_type, hard_filter, hard_filter_status, network_cluster_notes, interest_eur, contact_lock_until, status, dormant_since, dormant_reason) values ('a24a8b27-56bc-4eb4-a224-9b2c2355285a', 'bca54499-03c8-469b-a48d-b9f442e44f69', 'Speedinvest Health', 'vc', 'Vienna', 'AT', '{"Europe"}', 'https://speedinvest.com', false, 'speedinvest.com', true, 'pre_seed', 'seed', 500000, 1500000, '{"healthtech"}', null, 'high', 2, 'Elvie analogue: device + companion app + a category nobody discussed. Zitna personally lived that scaling problem — say it explicitly.', 'A first conversation on the seed.', null, 'unknown', null, 'not_applicable', 'Polagnoli (Calm/Storm) built Speedinvest’s health team — keep messaging consistent across both.', null, null, 'not_contacted', null, null);
insert into entities (id, org_id, name, type, hq_city, hq_country, invests_in_geographies, website, website_verified, email_domain, email_domain_verified, stage_min, stage_max, check_min_eur, check_max_eur, sectors, thesis, fit_score, wave, our_angle, the_ask, submission_channel, submission_channel_type, hard_filter, hard_filter_status, network_cluster_notes, interest_eur, contact_lock_until, status, dormant_since, dormant_reason) values ('633d2b56-0e31-4148-a9b0-e82883a49569', 'bca54499-03c8-469b-a48d-b9f442e44f69', 'Armilar Venture Partners', 'vc', 'Lisbon', 'PT', '{"Portugal","Europe"}', 'https://armilar.com', false, 'armilar.com', true, 'seed', 'series_a', 1000000, 3000000, '{"deep tech"}', null, 'medium_high', 3, 'Deep-tech framing, not wellness. Lead with sensor/biomarker IP and the ANI R&D certification, not the app.', 'A deep-tech-first conversation.', null, 'unknown', null, 'not_applicable', null, null, null, 'not_contacted', null, null);
insert into entities (id, org_id, name, type, hq_city, hq_country, invests_in_geographies, website, website_verified, email_domain, email_domain_verified, stage_min, stage_max, check_min_eur, check_max_eur, sectors, thesis, fit_score, wave, our_angle, the_ask, submission_channel, submission_channel_type, hard_filter, hard_filter_status, network_cluster_notes, interest_eur, contact_lock_until, status, dormant_since, dormant_reason) values ('cf2eb87c-7ba9-47b6-af43-43bb9bf07c2d', 'bca54499-03c8-469b-a48d-b9f442e44f69', 'Bright Pixel Capital', 'corporate_vc', 'Porto', 'PT', '{"Iberia","Europe"}', 'https://brightpixel.vc', false, 'brightpixel.vc', false, 'seed', 'series_a', 500000, 3000000, '{"retail tech","health"}', null, 'medium', 3, 'The prize is Sonae, not the cheque: pharmacies, retail estate, corporate wellness as distribution. Pitch the strategic partnership first.', 'A strategic-partnership conversation.', null, 'unknown', null, 'not_applicable', 'Watch-out: don’t let a corporate VC set terms on a €1.3M seed.', null, null, 'not_contacted', null, null);
insert into entities (id, org_id, name, type, hq_city, hq_country, invests_in_geographies, website, website_verified, email_domain, email_domain_verified, stage_min, stage_max, check_min_eur, check_max_eur, sectors, thesis, fit_score, wave, our_angle, the_ask, submission_channel, submission_channel_type, hard_filter, hard_filter_status, network_cluster_notes, interest_eur, contact_lock_until, status, dormant_since, dormant_reason) values ('34c0753b-53e2-4020-ae40-818e0ddd9234', 'bca54499-03c8-469b-a48d-b9f442e44f69', 'Northzone', 'vc', 'Berlin', 'DE', '{"Europe","US"}', 'https://northzone.com', false, 'northzone.com', true, 'series_a', 'later', 3000000, 15000000, '{"generalist"}', null, 'medium', 3, 'Value-chain framing: healthcare’s data-collection layer is still manual and episodic; ablute_ automates collection.', 'A relationship call about Series A — not a seed ask.', null, 'unknown', '€500M+ AUM, multi-stage — €1.3M is below their bite. Build for Series A; say so honestly.', 'open', null, null, null, 'not_contacted', null, null);
insert into entities (id, org_id, name, type, hq_city, hq_country, invests_in_geographies, website, website_verified, email_domain, email_domain_verified, stage_min, stage_max, check_min_eur, check_max_eur, sectors, thesis, fit_score, wave, our_angle, the_ask, submission_channel, submission_channel_type, hard_filter, hard_filter_status, network_cluster_notes, interest_eur, contact_lock_until, status, dormant_since, dormant_reason) values ('a5704810-0f26-4af9-a1a9-5a1c2fb677a6', 'bca54499-03c8-469b-a48d-b9f442e44f69', 'Angels Santé', 'angel_network', 'Paris', 'FR', '{"France","Europe"}', 'https://angelssante.fr', false, null, false, 'pre_seed', 'seed', 100000, 600000, '{"health"}', null, 'medium_high', 3, 'Gatekeeper to 150+ health angels — highest leverage if eligible.', '“Present to your members” — not “invest”.', null, 'unknown', 'Verify they accept non-French companies before spending effort.', 'open', null, null, null, 'not_contacted', null, null);
insert into entities (id, org_id, name, type, hq_city, hq_country, invests_in_geographies, website, website_verified, email_domain, email_domain_verified, stage_min, stage_max, check_min_eur, check_max_eur, sectors, thesis, fit_score, wave, our_angle, the_ask, submission_channel, submission_channel_type, hard_filter, hard_filter_status, network_cluster_notes, interest_eur, contact_lock_until, status, dormant_since, dormant_reason) values ('33473fd9-7ff8-4e06-a6ec-d6472a98cf0c', 'bca54499-03c8-469b-a48d-b9f442e44f69', 'Elaia Partners', 'vc', 'Paris', 'FR', '{"Europe"}', 'https://elaia.com', false, 'elaia.com', true, 'seed', 'series_a', 1000000, 5000000, '{"deep tech"}', null, 'medium', 3, 'Health is secondary to their thesis — don’t burn an intro here.', 'Ask who covers digital health internally rather than pitching.', null, 'unknown', null, 'not_applicable', null, null, null, 'not_contacted', null, null);
insert into entities (id, org_id, name, type, hq_city, hq_country, invests_in_geographies, website, website_verified, email_domain, email_domain_verified, stage_min, stage_max, check_min_eur, check_max_eur, sectors, thesis, fit_score, wave, our_angle, the_ask, submission_channel, submission_channel_type, hard_filter, hard_filter_status, network_cluster_notes, interest_eur, contact_lock_until, status, dormant_since, dormant_reason) values ('cb0d4375-8d01-4050-ad66-c52fff604798', 'bca54499-03c8-469b-a48d-b9f442e44f69', 'Bpifrance', 'public_body', 'Paris', 'FR', '{"France"}', 'https://bpifrance.fr', false, 'bpifrance.fr', true, 'pre_seed', 'later', null, null, '{"generalist"}', null, 'low', 3, 'Non-dilutive / programme route at best.', 'Eligibility check only.', null, 'unknown', 'French mandate, likely requires French domicile — verify eligibility BEFORE spending effort.', 'open', null, null, null, 'not_contacted', null, null);
insert into entities (id, org_id, name, type, hq_city, hq_country, invests_in_geographies, website, website_verified, email_domain, email_domain_verified, stage_min, stage_max, check_min_eur, check_max_eur, sectors, thesis, fit_score, wave, our_angle, the_ask, submission_channel, submission_channel_type, hard_filter, hard_filter_status, network_cluster_notes, interest_eur, contact_lock_until, status, dormant_since, dormant_reason) values ('7a0401e8-a1f3-42c1-a5a9-3a6a290ab2f7', 'bca54499-03c8-469b-a48d-b9f442e44f69', 'Sofinnova MD Start', 'vc', 'Paris', 'FR', '{"Europe"}', 'https://sofinnovapartners.com', false, 'sofinnovapartners.com', true, 'pre_seed', 'pre_seed', null, null, '{"medtech"}', null, 'low', 3, 'Realistic ask is regulatory/clinical guidance, not a cheque. Low priority.', 'Regulatory/clinical guidance conversation.', null, 'unknown', 'A medtech company-creation vehicle, not a backer of existing companies. Model mismatch.', 'open', null, null, null, 'dormant', '2026-07-17T00:00:00Z', 'Model mismatch — parked by choice.');
insert into entities (id, org_id, name, type, hq_city, hq_country, invests_in_geographies, website, website_verified, email_domain, email_domain_verified, stage_min, stage_max, check_min_eur, check_max_eur, sectors, thesis, fit_score, wave, our_angle, the_ask, submission_channel, submission_channel_type, hard_filter, hard_filter_status, network_cluster_notes, interest_eur, contact_lock_until, status, dormant_since, dormant_reason) values ('bd818da1-67cf-4f60-a80e-010eb6edb80b', 'bca54499-03c8-469b-a48d-b9f442e44f69', 'Portugal Ventures', 'vc', 'Porto', 'PT', '{"Portugal"}', 'https://portugalventures.pt', false, 'portugalventures.pt', false, 'pre_seed', 'seed', 200000, 1000000, '{"generalist"}', null, 'medium_high', 1, 'Existing investor — €100k convertible note (Valor 2 FCR). Keep informed; potential follow-on.', 'Follow-on conversation once wave 1 is moving.', null, 'unknown', null, 'not_applicable', null, null, null, 'invested', null, null);
insert into people (id, org_id, entity_id, full_name, role, seniority_rank, based_in, linkedin_url, linkedin_verified, email_verified, email_guess, email_guess_confidence, email_source, bounce_count, phone, background, personal_notes, linked_companies, linked_funds, hook, hook_status, kill_words, watch_outs, preferred_language, intro_path, data_source, privacy_notice_sent, do_not_contact) values ('6abbba90-834d-4223-a0ab-58c92462e44a', 'bca54499-03c8-469b-a48d-b9f442e44f69', 'ed15b5bd-b6fb-44f5-a551-7975d4b38ab5', 'Lurdes Gramaxo', 'Partner & Executive Board', 1, 'Porto, PT', 'https://www.linkedin.com/in/lurdesgramaxo', true, null, null, null, null, 0, null, 'President of Investors Portugal; APBA board. Golden Aurora 2020 — Europe’s Female Angel Investor of the Year.', null, '{}', '{"Bynd VC","Investors Portugal","APBA"}', 'Golden Aurora 2020 + she IS Bynd’s northern-region person; President of Investors Portugal.', 'researched', '{}', 'Bynd’s sweet spot (~$2.5M) exceeds the round — she may want to lead or take a bigger allocation. Decide the answer before the call.', 'pt', null, 'Public web + LinkedIn, Jul 2026', false, false);
insert into people (id, org_id, entity_id, full_name, role, seniority_rank, based_in, linkedin_url, linkedin_verified, email_verified, email_guess, email_guess_confidence, email_source, bounce_count, phone, background, personal_notes, linked_companies, linked_funds, hook, hook_status, kill_words, watch_outs, preferred_language, intro_path, data_source, privacy_notice_sent, do_not_contact) values ('3aa9ed3b-c558-4528-ac37-b917bdb655e8', 'bca54499-03c8-469b-a48d-b9f442e44f69', 'dbaf948f-8172-4bef-a00e-0c6992aaedae', 'David Alves', 'Angel / Fund Leader', 1, 'Porto, PT', null, false, null, null, null, null, 0, null, 'VP Investors Portugal. Founded 9 companies, built 10 angel groups.', null, '{}', '{"COREangels Porto","Investors Portugal"}', 'Founded 9 companies and built 10 angel groups; VP of Investors Portugal.', 'researched', '{}', 'Personal LinkedIn not found — route via the COREangels Porto contact form.', 'pt', null, 'Public web, Jul 2026', false, false);
insert into people (id, org_id, entity_id, full_name, role, seniority_rank, based_in, linkedin_url, linkedin_verified, email_verified, email_guess, email_guess_confidence, email_source, bounce_count, phone, background, personal_notes, linked_companies, linked_funds, hook, hook_status, kill_words, watch_outs, preferred_language, intro_path, data_source, privacy_notice_sent, do_not_contact) values ('cf7b6551-8100-4da1-a8ae-7578c6c8900a', 'bca54499-03c8-469b-a48d-b9f442e44f69', 'ea4b68f1-35d2-420b-a029-528d9c80ca70', 'Terry Huang', 'Co-lead, Health Ventures', 1, null, null, false, null, null, null, null, 0, null, null, null, '{}', '{"COREangels Health Ventures"}', null, 'to_research', '{}', 'Gregor Hoffman co-leads Health Ventures — don’t contact both cold.', 'en', 'Via David Alves (COREangels Porto) — one coordinated approach, not two cold ones.', 'Public web, Jul 2026', false, false);
insert into people (id, org_id, entity_id, full_name, role, seniority_rank, based_in, linkedin_url, linkedin_verified, email_verified, email_guess, email_guess_confidence, email_source, bounce_count, phone, background, personal_notes, linked_companies, linked_funds, hook, hook_status, kill_words, watch_outs, preferred_language, intro_path, data_source, privacy_notice_sent, do_not_contact) values ('d6791e41-b9d5-4711-a269-8bea19c76dd3', 'bca54499-03c8-469b-a48d-b9f442e44f69', '030e5195-e6b5-4a49-ac0e-eae42c502c00', 'Dr. Marta G. Zanchi', 'Founder & Managing Partner', 1, 'Barcelona, ES', 'https://www.linkedin.com/in/martagzanchi', true, null, null, null, null, 0, null, 'PhD EE Stanford; Director of Biodesign for Digital Health, Stanford Byers. Fund III (~€50M) deploying.', null, '{}', '{"Nina Capital"}', 'Biodesign thesis — “deep understanding of the NEED is the DNA of every great invention”; explicitly anti-hype.', 'researched', '{"AI-first","AI-powered opening"}', 'Do NOT open on AI. Need-first in the first two lines or it reads as hype. Submit via dealflow@ before DMing.', 'en', null, 'Fund site + public talks, Jul 2026', false, false);
insert into people (id, org_id, entity_id, full_name, role, seniority_rank, based_in, linkedin_url, linkedin_verified, email_verified, email_guess, email_guess_confidence, email_source, bounce_count, phone, background, personal_notes, linked_companies, linked_funds, hook, hook_status, kill_words, watch_outs, preferred_language, intro_path, data_source, privacy_notice_sent, do_not_contact) values ('95322241-c6f1-426c-a979-23aa17b0b2bb', 'bca54499-03c8-469b-a48d-b9f442e44f69', '030e5195-e6b5-4a49-ac0e-eae42c502c00', 'Sebastian Anastassiou', 'Investor', 2, null, null, false, null, null, null, null, 0, null, null, null, '{}', '{"Nina Capital"}', 'His “chemistry” line is a genuine opener; may be the one who runs diligence.', 'researched', '{}', null, 'en', null, 'Public web, Jul 2026', false, false);
insert into people (id, org_id, entity_id, full_name, role, seniority_rank, based_in, linkedin_url, linkedin_verified, email_verified, email_guess, email_guess_confidence, email_source, bounce_count, phone, background, personal_notes, linked_companies, linked_funds, hook, hook_status, kill_words, watch_outs, preferred_language, intro_path, data_source, privacy_notice_sent, do_not_contact) values ('b818e778-94a4-464b-ab1c-38a701804919', 'bca54499-03c8-469b-a48d-b9f442e44f69', '030e5195-e6b5-4a49-ac0e-eae42c502c00', 'Yahel Halamish', 'Principal', 3, null, null, false, null, null, null, null, 0, null, null, null, '{}', '{"Nina Capital"}', null, 'to_research', '{}', null, 'en', null, 'Public web, Jul 2026', false, false);
insert into people (id, org_id, entity_id, full_name, role, seniority_rank, based_in, linkedin_url, linkedin_verified, email_verified, email_guess, email_guess_confidence, email_source, bounce_count, phone, background, personal_notes, linked_companies, linked_funds, hook, hook_status, kill_words, watch_outs, preferred_language, intro_path, data_source, privacy_notice_sent, do_not_contact) values ('dfcabb9c-ced3-4cd7-a680-ba141a164a59', 'bca54499-03c8-469b-a48d-b9f442e44f69', 'f5928973-fcfa-41dd-af6b-176b8bd3e462', 'Lucanus Polagnoli', 'Founder & Managing Partner', 1, 'Vienna, AT', 'https://www.linkedin.com/in/polagnoli', true, null, null, null, null, 0, null, 'Ex-GP/CFO at Speedinvest (built their health team). ~100 portfolio companies.', null, '{}', '{"Calm/Storm","Speedinvest"}', '#tabootech is his own hashtag; portfolio already includes chronic constipation.', 'researched', '{}', 'Co-invest only, small cheque (€25–250k) — a signal + network play. Never ask him to lead.', 'en', null, 'Fund site + LinkedIn, Jul 2026', false, false);
insert into people (id, org_id, entity_id, full_name, role, seniority_rank, based_in, linkedin_url, linkedin_verified, email_verified, email_guess, email_guess_confidence, email_source, bounce_count, phone, background, personal_notes, linked_companies, linked_funds, hook, hook_status, kill_words, watch_outs, preferred_language, intro_path, data_source, privacy_notice_sent, do_not_contact) values ('f548038c-7e4d-4611-a030-6351849fc456', 'bca54499-03c8-469b-a48d-b9f442e44f69', 'f5928973-fcfa-41dd-af6b-176b8bd3e462', 'Stephanie Urbanski', 'Operations / Academy', 2, null, null, false, null, null, null, null, 0, null, null, null, '{}', '{"Calm/Storm"}', 'Angle is operational — the Calm/Storm Academy.', 'researched', '{}', null, 'en', null, 'Public web, Jul 2026', false, false);
insert into people (id, org_id, entity_id, full_name, role, seniority_rank, based_in, linkedin_url, linkedin_verified, email_verified, email_guess, email_guess_confidence, email_source, bounce_count, phone, background, personal_notes, linked_companies, linked_funds, hook, hook_status, kill_words, watch_outs, preferred_language, intro_path, data_source, privacy_notice_sent, do_not_contact) values ('1241f694-c162-429a-a1e1-f8f4845d27d2', 'bca54499-03c8-469b-a48d-b9f442e44f69', 'f5928973-fcfa-41dd-af6b-176b8bd3e462', 'Johannes Blaschke', 'Investor', 3, null, null, false, null, null, null, null, 0, null, null, null, '{}', '{"Calm/Storm"}', null, 'to_research', '{}', null, 'en', null, 'Public web, Jul 2026', false, false);
insert into people (id, org_id, entity_id, full_name, role, seniority_rank, based_in, linkedin_url, linkedin_verified, email_verified, email_guess, email_guess_confidence, email_source, bounce_count, phone, background, personal_notes, linked_companies, linked_funds, hook, hook_status, kill_words, watch_outs, preferred_language, intro_path, data_source, privacy_notice_sent, do_not_contact) values ('e97f6c71-ed8d-44bd-a524-74c38898f3a7', 'bca54499-03c8-469b-a48d-b9f442e44f69', 'dd4ef882-db55-4e25-a32d-f731ab48d033', 'Dr. Fiona Pathiraja', 'Founding Partner', 1, 'London / Copenhagen', 'https://www.linkedin.com/in/fionapathiraja', true, null, 'f.pathiraja@ipqcap.com', 'medium', 'pattern guess', 0, null, 'Dual board-certified in Clinical Radiology and Public Health; ex-UCLH consultant radiologist; DoH policy advisor. Evergreen structure.', null, '{"Vitrue Health","UCLH"}', '{"Crista Galli Ventures","IPQ Capital"}', 'Their thesis is “salutogenesis instead of pathogenesis” — their own word for prevention. She is a diagnostician; ablute_ is a diagnostic instrument disguised as a bathroom fixture.', 'researched', '{"wellness","AI-led framing"}', 'LinkedIn Influencer with high inbound — a generic message dies. Evergreen = patient through a hardware timeline; say so. Use “salutogenesis” instead of the kill word.', 'en', null, 'cristagalli.com (fetched 21 Jul 2026) + LinkedIn', false, false);
insert into people (id, org_id, entity_id, full_name, role, seniority_rank, based_in, linkedin_url, linkedin_verified, email_verified, email_guess, email_guess_confidence, email_source, bounce_count, phone, background, personal_notes, linked_companies, linked_funds, hook, hook_status, kill_words, watch_outs, preferred_language, intro_path, data_source, privacy_notice_sent, do_not_contact) values ('da8667d7-b1bf-42ac-aa8d-36bbf61eb7ab', 'bca54499-03c8-469b-a48d-b9f442e44f69', 'a24a8b27-56bc-4eb4-a224-9b2c2355285a', 'Andrea Zitna', 'Partner', 1, 'London / Vienna', null, false, null, null, null, null, 0, null, 'Former CRO at Elvie; ex-McKinsey; Harvard MBA.', null, '{"Elvie"}', '{"Speedinvest Health"}', 'Strongest structural analogue on the list — Elvie = device + companion app + a category nobody discussed. She personally lived that scaling problem.', 'researched', '{}', null, 'en', null, 'Public web, Jul 2026', false, false);
insert into people (id, org_id, entity_id, full_name, role, seniority_rank, based_in, linkedin_url, linkedin_verified, email_verified, email_guess, email_guess_confidence, email_source, bounce_count, phone, background, personal_notes, linked_companies, linked_funds, hook, hook_status, kill_words, watch_outs, preferred_language, intro_path, data_source, privacy_notice_sent, do_not_contact) values ('fbf2e5ce-08ce-43dc-aeb9-cb2212126135', 'bca54499-03c8-469b-a48d-b9f442e44f69', '633d2b56-0e31-4148-a9b0-e82883a49569', 'Pedro Ribeiro Santos', 'Partner', 1, 'Lisbon, PT', null, false, null, null, null, null, 0, null, null, null, '{}', '{"Armilar"}', 'Deep-tech investor — lead with sensor/biomarker IP and ANI R&D certification, not the app.', 'researched', '{"wellness"}', null, 'pt', null, 'Public web, Jul 2026', false, false);
insert into people (id, org_id, entity_id, full_name, role, seniority_rank, based_in, linkedin_url, linkedin_verified, email_verified, email_guess, email_guess_confidence, email_source, bounce_count, phone, background, personal_notes, linked_companies, linked_funds, hook, hook_status, kill_words, watch_outs, preferred_language, intro_path, data_source, privacy_notice_sent, do_not_contact) values ('a268f868-6314-4d6e-a2ea-32d4a1b18326', 'bca54499-03c8-469b-a48d-b9f442e44f69', '633d2b56-0e31-4148-a9b0-e82883a49569', 'Duarte Mineiro', 'Partner', 2, null, null, false, null, null, null, null, 0, null, null, null, '{}', '{"Armilar"}', null, 'to_research', '{}', null, 'pt', null, 'Public web, Jul 2026', false, false);
insert into people (id, org_id, entity_id, full_name, role, seniority_rank, based_in, linkedin_url, linkedin_verified, email_verified, email_guess, email_guess_confidence, email_source, bounce_count, phone, background, personal_notes, linked_companies, linked_funds, hook, hook_status, kill_words, watch_outs, preferred_language, intro_path, data_source, privacy_notice_sent, do_not_contact) values ('4c08f228-102c-4f3f-a3dc-faba7a815f1a', 'bca54499-03c8-469b-a48d-b9f442e44f69', 'cf2eb87c-7ba9-47b6-af43-43bb9bf07c2d', 'João Bandeira', 'Investor', 1, 'Porto, PT', null, false, null, null, null, null, 0, null, null, null, '{"Sonae"}', '{"Bright Pixel"}', null, 'to_research', '{}', 'The prize is Sonae distribution (pharmacies, retail, corporate wellness) — pitch the strategic partnership first. Don’t let a corporate VC set terms on a €1.3M seed.', 'pt', null, 'Public web, Jul 2026', false, false);
insert into people (id, org_id, entity_id, full_name, role, seniority_rank, based_in, linkedin_url, linkedin_verified, email_verified, email_guess, email_guess_confidence, email_source, bounce_count, phone, background, personal_notes, linked_companies, linked_funds, hook, hook_status, kill_words, watch_outs, preferred_language, intro_path, data_source, privacy_notice_sent, do_not_contact) values ('1ae337bf-cf91-48c2-a389-99ed7bf93104', 'bca54499-03c8-469b-a48d-b9f442e44f69', '34c0753b-53e2-4020-ae40-818e0ddd9234', 'Markus Gleim', 'Partner', 1, 'Berlin, DE', null, false, null, null, null, null, 0, null, null, null, '{}', '{"Northzone"}', 'Value-chain framing: healthcare’s data-collection layer is still manual and episodic; ablute_ automates collection.', 'researched', '{}', 'Relationship for Series A — never a seed ask.', 'en', null, 'Public web, Jul 2026', false, false);
insert into people (id, org_id, entity_id, full_name, role, seniority_rank, based_in, linkedin_url, linkedin_verified, email_verified, email_guess, email_guess_confidence, email_source, bounce_count, phone, background, personal_notes, linked_companies, linked_funds, hook, hook_status, kill_words, watch_outs, preferred_language, intro_path, data_source, privacy_notice_sent, do_not_contact) values ('a0ae9ca2-b277-4c70-a432-5a359b942214', 'bca54499-03c8-469b-a48d-b9f442e44f69', 'a5704810-0f26-4af9-a1a9-5a1c2fb677a6', 'Fabrice Rosenstiehl', 'Network Lead', 1, 'Paris, FR', null, false, null, null, null, null, 0, null, null, null, '{}', '{"Angels Santé"}', null, 'to_research', '{}', 'A network, not a fund. Ask: “present to your members” — reaches 150+ health angels at once.', 'en', null, 'Public web, Jul 2026', false, false);
insert into people (id, org_id, entity_id, full_name, role, seniority_rank, based_in, linkedin_url, linkedin_verified, email_verified, email_guess, email_guess_confidence, email_source, bounce_count, phone, background, personal_notes, linked_companies, linked_funds, hook, hook_status, kill_words, watch_outs, preferred_language, intro_path, data_source, privacy_notice_sent, do_not_contact) values ('c35beadd-b2c5-4b2c-a680-3d729d4a6de8', 'bca54499-03c8-469b-a48d-b9f442e44f69', '33473fd9-7ff8-4e06-a6ec-d6472a98cf0c', 'Xavier Lazarus', 'Managing Partner', 1, 'Paris, FR', null, false, null, null, null, null, 0, null, null, null, '{}', '{"Elaia"}', null, 'to_research', '{}', 'Health is secondary to their thesis — ask who covers digital health internally rather than pitching. Don’t burn an intro here.', 'en', null, 'Public web, Jul 2026', false, false);
insert into people (id, org_id, entity_id, full_name, role, seniority_rank, based_in, linkedin_url, linkedin_verified, email_verified, email_guess, email_guess_confidence, email_source, bounce_count, phone, background, personal_notes, linked_companies, linked_funds, hook, hook_status, kill_words, watch_outs, preferred_language, intro_path, data_source, privacy_notice_sent, do_not_contact) values ('92af0d2f-814c-4db8-a576-53ffa7bb96a3', 'bca54499-03c8-469b-a48d-b9f442e44f69', 'cb0d4375-8d01-4050-ad66-c52fff604798', 'Marion Cassiau', 'Investment Manager', 1, 'Paris, FR', null, false, null, null, null, null, 0, null, null, null, '{}', '{"Bpifrance"}', null, 'to_research', '{}', 'Gated by the French-domicile hard filter — verify eligibility before any effort.', 'en', null, 'Public web, Jul 2026', false, false);
insert into people (id, org_id, entity_id, full_name, role, seniority_rank, based_in, linkedin_url, linkedin_verified, email_verified, email_guess, email_guess_confidence, email_source, bounce_count, phone, background, personal_notes, linked_companies, linked_funds, hook, hook_status, kill_words, watch_outs, preferred_language, intro_path, data_source, privacy_notice_sent, do_not_contact) values ('a3cd0c39-91f4-4a8a-aa12-aa16b8f9d63c', 'bca54499-03c8-469b-a48d-b9f442e44f69', '7a0401e8-a1f3-42c1-a5a9-3a6a290ab2f7', 'Mano Iyer', 'Partner', 1, 'Paris, FR', null, false, null, null, null, null, 0, null, null, null, '{}', '{"Sofinnova MD Start"}', null, 'none_found', '{}', 'Model mismatch (company creation) — realistic ask is regulatory/clinical guidance only.', 'en', null, 'Public web, Jul 2026', false, false);
insert into people (id, org_id, entity_id, full_name, role, seniority_rank, based_in, linkedin_url, linkedin_verified, email_verified, email_guess, email_guess_confidence, email_source, bounce_count, phone, background, personal_notes, linked_companies, linked_funds, hook, hook_status, kill_words, watch_outs, preferred_language, intro_path, data_source, privacy_notice_sent, do_not_contact) values ('3fdb6d90-2ae6-4df0-a8f7-2c6a4a362083', 'bca54499-03c8-469b-a48d-b9f442e44f69', '7a0401e8-a1f3-42c1-a5a9-3a6a290ab2f7', 'Cécile Dupont', 'Principal', 2, null, null, false, null, null, null, null, 0, null, null, null, '{}', '{"Sofinnova MD Start"}', null, 'none_found', '{}', null, 'en', null, 'Public web, Jul 2026', false, false);
insert into folders (id, org_id, name, parent_id, kind, position) values ('9d74a3ea-621e-4d34-a5fc-9bb9cb501677', 'bca54499-03c8-469b-a48d-b9f442e44f69', 'Materials', null, 'materials', 0);
insert into folders (id, org_id, name, parent_id, kind, position) values ('6bfe83f8-05e7-4c2f-a2bd-a8e43ad9fb19', 'bca54499-03c8-469b-a48d-b9f442e44f69', 'Pitch deck', '9d74a3ea-621e-4d34-a5fc-9bb9cb501677', 'materials', 1);
insert into folders (id, org_id, name, parent_id, kind, position) values ('60acc871-ab76-4fbd-a3e3-b9fc21d898f9', 'bca54499-03c8-469b-a48d-b9f442e44f69', 'Investor deck', '9d74a3ea-621e-4d34-a5fc-9bb9cb501677', 'materials', 2);
insert into folders (id, org_id, name, parent_id, kind, position) values ('e852ad8c-cd61-4512-aa02-e2f0007f0c12', 'bca54499-03c8-469b-a48d-b9f442e44f69', 'One-pager', '9d74a3ea-621e-4d34-a5fc-9bb9cb501677', 'materials', 3);
insert into folders (id, org_id, name, parent_id, kind, position) values ('ecb7ac7f-c071-4fc6-a9c4-97544adb6113', 'bca54499-03c8-469b-a48d-b9f442e44f69', 'Financials', '9d74a3ea-621e-4d34-a5fc-9bb9cb501677', 'materials', 4);
insert into folders (id, org_id, name, parent_id, kind, position) values ('8f9e2f89-3e84-4aa5-a890-8e98d037caf1', 'bca54499-03c8-469b-a48d-b9f442e44f69', 'Data Room', null, 'data_room', 10);
insert into folders (id, org_id, name, parent_id, kind, position) values ('dc26ad6f-2ea3-4f6c-a6f2-4399d5cd6394', 'bca54499-03c8-469b-a48d-b9f442e44f69', '00 Index and Summary', '8f9e2f89-3e84-4aa5-a890-8e98d037caf1', 'data_room', 11);
insert into folders (id, org_id, name, parent_id, kind, position) values ('fcd2c6c4-b5c8-4fc8-acb3-91bb9d727102', 'bca54499-03c8-469b-a48d-b9f442e44f69', '01 Summary and Investment Dossier', '8f9e2f89-3e84-4aa5-a890-8e98d037caf1', 'data_room', 12);
insert into folders (id, org_id, name, parent_id, kind, position) values ('4707cb72-2720-4e4e-a823-dd1c8c74376c', 'bca54499-03c8-469b-a48d-b9f442e44f69', '02 Corporate & Governance', '8f9e2f89-3e84-4aa5-a890-8e98d037caf1', 'data_room', 13);
insert into folders (id, org_id, name, parent_id, kind, position) values ('c482a08c-a4e5-4620-ab3e-87396e998987', 'bca54499-03c8-469b-a48d-b9f442e44f69', '03 Financial', '8f9e2f89-3e84-4aa5-a890-8e98d037caf1', 'data_room', 14);
insert into folders (id, org_id, name, parent_id, kind, position) values ('3d7e8b85-1bc7-4cd4-a00f-33d1d040b317', 'bca54499-03c8-469b-a48d-b9f442e44f69', '04 Technology, Product and IP', '8f9e2f89-3e84-4aa5-a890-8e98d037caf1', 'data_room', 15);
insert into folders (id, org_id, name, parent_id, kind, position) values ('b18dfe4e-40d1-4da2-a086-111c08adea9a', 'bca54499-03c8-469b-a48d-b9f442e44f69', '05 Commercial, Market and Pilot', '8f9e2f89-3e84-4aa5-a890-8e98d037caf1', 'data_room', 16);
insert into folders (id, org_id, name, parent_id, kind, position) values ('381d4cbf-4739-4419-acb3-7d3f035dc76d', 'bca54499-03c8-469b-a48d-b9f442e44f69', '06 Team', '8f9e2f89-3e84-4aa5-a890-8e98d037caf1', 'data_room', 17);
insert into folders (id, org_id, name, parent_id, kind, position) values ('bb9a0424-7127-4cd0-a479-4c80226491a0', 'bca54499-03c8-469b-a48d-b9f442e44f69', '07 Regulatory and Compliance', '8f9e2f89-3e84-4aa5-a890-8e98d037caf1', 'data_room', 18);
insert into folders (id, org_id, name, parent_id, kind, position) values ('f3552d9c-4a9d-4c32-a928-9cce02512cf2', 'bca54499-03c8-469b-a48d-b9f442e44f69', '08 Due Diligence (Restricted)', '8f9e2f89-3e84-4aa5-a890-8e98d037caf1', 'data_room', 19);
insert into documents (id, org_id, folder_id, name, version, external_url, is_view_only, visibility, watermark, downloadable, notes) values ('e1c2fcbc-2c20-4ef3-ab77-bdb1338f0aba', 'bca54499-03c8-469b-a48d-b9f442e44f69', '60acc871-ab76-4fbd-a3e3-b9fc21d898f9', 'ablute_ investor deck', 'current (Jul 2026)', 'https://drive.google.com/file/d/18H8pKdd2dEr-iyJXfsHs1ZCiBMl9YAMu/view', true, 'on_grant', false, false, 'Canonical outreach deck. Only ever circulate this view link.');
insert into message_templates (id, org_id, name, channel, language, body) values ('40c3df1d-3473-4bb2-a3bf-14dd55016777', 'bca54499-03c8-469b-a48d-b9f442e44f69', 'Follow-up (EN)', 'email', 'en', 'Hi {{first_name}},

Following up on my note from {{days_ago}} days ago about ablute_. {{hook_line}}

{{the_ask}}

Deck: {{deck_link}}

Best,
Nuno Marujo — ablute_');
insert into message_templates (id, org_id, name, channel, language, body) values ('4b3553e1-f99e-4c7b-ad5e-d94a738dd750', 'bca54499-03c8-469b-a48d-b9f442e44f69', 'Follow-up (PT)', 'email', 'pt', 'Olá {{first_name}},

Volto ao meu contacto de há {{days_ago}} dias sobre a ablute_. {{hook_line}}

{{the_ask}}

Deck: {{deck_link}}

Cumprimentos,
Nuno Marujo — ablute_');
insert into automations (id, org_id, name, trigger, action, mode, channel, template_id, enabled, config) values ('e1d65f7e-0070-45f8-a677-0c44bcdd7487', 'bca54499-03c8-469b-a48d-b9f442e44f69', 'Draft follow-up after 14 days of silence', 'no_reply_14d', 'draft_follow_up', 'draft_review', 'email', '40c3df1d-3473-4bb2-a3bf-14dd55016777', true, '{"days":14}'::jsonb);
insert into automations (id, org_id, name, trigger, action, mode, channel, template_id, enabled, config) values ('c5183d77-8edf-4505-a454-1dc328c50d3d', 'bca54499-03c8-469b-a48d-b9f442e44f69', 'Propose dormant after follow-up + 14 days', 'followup_no_reply_14d', 'propose_dormant', 'draft_review', null, null, true, '{"days":14}'::jsonb);
insert into automations (id, org_id, name, trigger, action, mode, channel, template_id, enabled, config) values ('63458506-0f5c-46a6-a945-77589e89e451', 'bca54499-03c8-469b-a48d-b9f442e44f69', 'Meeting request → scheduling task', 'inbound_meeting_request', 'create_task', 'full_auto', null, null, true, '{}'::jsonb);
insert into automations (id, org_id, name, trigger, action, mode, channel, template_id, enabled, config) values ('17928286-12ca-43ad-a510-32254d1df615', 'bca54499-03c8-469b-a48d-b9f442e44f69', 'Notify when contact lock expires', 'contact_lock_expired', 'notify_owner', 'full_auto', null, null, true, '{}'::jsonb);
insert into automations (id, org_id, name, trigger, action, mode, channel, template_id, enabled, config) values ('ddb97336-4551-4a02-a8d1-f672542cf2d7', 'bca54499-03c8-469b-a48d-b9f442e44f69', 'Email data-room link when a grant is activated', 'grant_activated', 'send_grant_email', 'draft_review', 'email', null, true, '{}'::jsonb);
insert into automations (id, org_id, name, trigger, action, mode, channel, template_id, enabled, config) values ('1c066e50-0427-41bb-a4fc-4a267ee98d92', 'bca54499-03c8-469b-a48d-b9f442e44f69', 'Notify when an investor views a document', 'document_viewed', 'notify_owner', 'full_auto', null, null, true, '{}'::jsonb);
insert into automations (id, org_id, name, trigger, action, mode, channel, template_id, enabled, config) values ('ee7fd776-eea5-47dd-ac08-9674a2d2d030', 'bca54499-03c8-469b-a48d-b9f442e44f69', 'Create research task when hook missing in active wave', 'hook_missing', 'create_task', 'full_auto', null, null, true, '{}'::jsonb);
insert into tasks (id, org_id, title, due_at, entity_id, person_id, kind, done) values ('328d9313-5b99-4ccf-a99b-08fd61bb477f', 'bca54499-03c8-469b-a48d-b9f442e44f69', 'Research hook: Terry Huang (COREangels Health Ventures)', '2026-07-24T12:00:00Z', 'ea4b68f1-35d2-420b-a029-528d9c80ca70', 'cf7b6551-8100-4da1-a8ae-7578c6c8900a', 'research', false);
insert into tasks (id, org_id, title, due_at, entity_id, person_id, kind, done) values ('54bbcbfe-70b3-466d-a3af-41745b9aff00', 'bca54499-03c8-469b-a48d-b9f442e44f69', 'Research hook: Yahel Halamish (Nina Capital)', '2026-07-28T12:00:00Z', '030e5195-e6b5-4a49-ac0e-eae42c502c00', 'b818e778-94a4-464b-ab1c-38a701804919', 'research', false);
insert into tasks (id, org_id, title, due_at, entity_id, person_id, kind, done) values ('f675f09e-7522-46a0-a9ae-44c068b06137', 'bca54499-03c8-469b-a48d-b9f442e44f69', 'Research hook: Johannes Blaschke (Calm/Storm)', '2026-07-28T12:00:00Z', 'f5928973-fcfa-41dd-af6b-176b8bd3e462', '1241f694-c162-429a-a1e1-f8f4845d27d2', 'research', false);
insert into tasks (id, org_id, title, due_at, entity_id, person_id, kind, done) values ('6bb8b2d2-bd7a-4f1e-a49c-7a7651a30a7c', 'bca54499-03c8-469b-a48d-b9f442e44f69', 'Research hook: João Bandeira (Bright Pixel)', '2026-07-30T12:00:00Z', 'cf2eb87c-7ba9-47b6-af43-43bb9bf07c2d', '4c08f228-102c-4f3f-a3dc-faba7a815f1a', 'research', false);
insert into tasks (id, org_id, title, due_at, entity_id, person_id, kind, done) values ('dcaff195-1c01-47e6-a14d-5c93806d71bd', 'bca54499-03c8-469b-a48d-b9f442e44f69', 'Research hook: Xavier Lazarus (Elaia)', '2026-08-04T12:00:00Z', '33473fd9-7ff8-4e06-a6ec-d6472a98cf0c', 'c35beadd-b2c5-4b2c-a680-3d729d4a6de8', 'research', false);
insert into tasks (id, org_id, title, due_at, entity_id, person_id, kind, done) values ('d1473807-81d3-4158-a507-616fbc14b5a8', 'bca54499-03c8-469b-a48d-b9f442e44f69', 'Research hook: Fabrice Rosenstiehl (Angels Santé)', '2026-08-04T12:00:00Z', 'a5704810-0f26-4af9-a1a9-5a1c2fb677a6', 'a0ae9ca2-b277-4c70-a432-5a359b942214', 'research', false);
insert into tasks (id, org_id, title, due_at, entity_id, person_id, kind, done) values ('b95d8551-39c9-48d2-a2ad-8c9ab75852f0', 'bca54499-03c8-469b-a48d-b9f442e44f69', 'Verify Bpifrance eligibility (French domicile?)', '2026-08-06T12:00:00Z', 'cb0d4375-8d01-4050-ad66-c52fff604798', '92af0d2f-814c-4db8-a576-53ffa7bb96a3', 'research', false);
insert into tasks (id, org_id, title, due_at, entity_id, person_id, kind, done) values ('b07ba879-e668-4a0c-aa8f-e734cbf6a1ff', 'bca54499-03c8-469b-a48d-b9f442e44f69', 'Research hook: Duarte Mineiro (Armilar)', '2026-08-06T12:00:00Z', '633d2b56-0e31-4148-a9b0-e82883a49569', 'a268f868-6314-4d6e-a2ea-32d4a1b18326', 'research', false);
insert into tasks (id, org_id, title, due_at, entity_id, person_id, kind, done) values ('5c02b9be-5c76-4004-a228-0dbb028b4c64', 'bca54499-03c8-469b-a48d-b9f442e44f69', 'Verify Angels Santé accepts non-French companies', '2026-07-27T12:00:00Z', 'a5704810-0f26-4af9-a1a9-5a1c2fb677a6', null, 'research', false);
insert into tasks (id, org_id, title, due_at, entity_id, person_id, kind, done) values ('f31ac275-a687-4211-aa30-fde7cf91f8da', 'bca54499-03c8-469b-a48d-b9f442e44f69', 'Decide the valuation answer for COREangels Porto (<€5M filter) before approaching', '2026-07-25T12:00:00Z', 'dbaf948f-8172-4bef-a00e-0c6992aaedae', null, 'admin', false);
insert into interactions (id, org_id, entity_id, person_id, occurred_at, direction, channel, content, classification, next_action, next_action_due) values ('82122107-a620-4a1c-a1a0-2bae1777ed4a', 'bca54499-03c8-469b-a48d-b9f442e44f69', 'bd818da1-67cf-4f60-a80e-010eb6edb80b', null, '2026-06-30T10:00:00Z', 'in', 'meeting', '[demo] Quarterly check-in with Portugal Ventures (existing €100k convertible note holder). Supportive; asked to be kept informed on the seed progress.', 'interested', 'Share round progress after wave 1', '2026-09-01');
