ID_Hook,ID_Investidor,ID_Pessoa,Investidor,Pessoa,Tipo_Conteúdo,Título,Data_Publicação,Tema,Ponto_de_Vista,Hook_Sugerido,URL_Fonte,Estado_Verificação,Confiança,Adequação_Outreach,Sensibilidade,Nota_de_Uso
HOK0001,INV001,PER0001,Point Nine,Christoph Janz,Artigo,The P9 Guide to Cohort Analysis in SaaS,2023-06-18,SaaS metrics,Defende análise de cohorts para perceber retenção e qualidade do crescimento.,Partilhar a tua cohort principal e pedir-lhe opinião sobre o padrão de retenção.,https://writing.pointnine.com/p/the-p9-guide-to-cohort-analysis-in,Verificado,Alta,Alta,Baixa,Referir a ideia ou conteúdo de forma concreta; não simular intimidade.
HOK0002,INV001,PER0001,Point Nine,Christoph Janz,Artigo,Will AI accelerate vertical SaaS?,2023-09-07,AI; vertical SaaS,Explora se a IA aumenta velocidade e vantagem em software vertical.,"Explicar onde a IA altera a economia da categoria, não apenas uma feature.",https://writing.pointnine.com/p/will-ai-accelerate-vertical-saas,Verificado,Alta,Alta,Baixa,Referir a ideia ou conteúdo de forma concreta; não simular intimidade.
HOK0003,INV002,PER0006,Seedcamp,Carlos Eduardo Espinal,Livro / Podcast,The Fundraising Field Guide,,Fundraising,Trata fundraising como processo estruturado e relacional.,Referir uma decisão concreta tomada com base no guia e apresentar a ronda com clareza.,https://seedcamp.com/people/carlos-eduardo-espinal/,Verificado,Alta,Alta,Baixa,Referir a ideia ou conteúdo de forma concreta; não simular intimidade.
HOK0004,INV002,PER0005,Seedcamp,Reshma Sohoni,Perfil / entrevista,Scaling European founders globally,,Expansão internacional,"O perfil salienta experiência em M&A, Vodafone e expansão de startups para os EUA.",Perguntar qual marco demonstra que a empresa está pronta para expansão internacional.,https://seedcamp.com/people/reshma-sohoni/,Verificado,Alta,Alta,Baixa,Referir a ideia ou conteúdo de forma concreta; não simular intimidade.
HOK0005,INV005,PER0020,Speedinvest,Markus Lang,Artigo,We Invest in the Building Blocks for Modern Software Companies,2022-09-20,SaaS; infrastructure,A equipa procura building blocks do software moderno em pre-seed e seed.,Enquadrar o produto como infraestrutura indispensável e explicar a wedge inicial.,https://www.speedinvest.com/knowledge/the-speedinvest-saas-infra-team-introducing-our-thesis,Verificado,Alta,Alta,Baixa,Referir a ideia ou conteúdo de forma concreta; não simular intimidade.
HOK0006,INV005,PER0027,Speedinvest,Frederik Hagenauer,Artigo,We Invest in the Building Blocks for Modern Software Companies,2022-09-20,SaaS; infrastructure,Coautor da tese de SaaS e infraestrutura da Speedinvest.,Conectar a arquitetura do produto a uma mudança estrutural na stack moderna.,https://www.speedinvest.com/knowledge/the-speedinvest-saas-infra-team-introducing-our-thesis,Verificado,Alta,Alta,Baixa,Referir a ideia ou conteúdo de forma concreta; não simular intimidade.
HOK0007,INV005,PER0026,Speedinvest,Florian Obst,Artigo,We Invest in the Building Blocks for Modern Software Companies,2022-09-20,SaaS; infrastructure,Coautor da tese de SaaS e infraestrutura.,Mostrar por que a solução se torna um componente central e difícil de substituir.,https://www.speedinvest.com/knowledge/the-speedinvest-saas-infra-team-introducing-our-thesis,Verificado,Alta,Alta,Baixa,Referir a ideia ou conteúdo de forma concreta; não simular intimidade.
HOK0008,INV005,PER0022,Speedinvest,Marie-Hélène Ametsreiter,Perfil / artigo,Closing Germany's Innovation Gap,,Climate; industrial tech,Defende ligação entre startups e corporações para acelerar inovação.,Apresentar uma parceria industrial concreta que o capital pode desbloquear.,https://www.speedinvest.com/team-members/marie-helene-ametsreiter,Verificado,Alta,Alta,Baixa,Referir a ideia ou conteúdo de forma concreta; não simular intimidade.
HOK0009,INV006,PER0034,Index Ventures,Shardul Shah,Perfil / entrevista,"Investment philosophy: founder, conviction, intentionality",,Cybersecurity; AI; enterprise,"Resume a filosofia em fundador, convicção extrema e atuação intencional.",Abrir com a convicção não consensual e a prova técnica que a suporta.,https://www.indexventures.com/team/shardul-shah/,Verificado,Alta,Alta,Baixa,Referir a ideia ou conteúdo de forma concreta; não simular intimidade.
HOK0010,INV007,PER0044,Atomico,Ben Blume,Perfil / reflexão,Conviction does not end with the investment,,AI; enterprise; physical industries,"Valoriza utilidade de longo prazo em hiring, scaling e momentos difíceis.",Relacionar o pedido com um problema operacional difícil que exige software e execução de longo prazo.,https://20.atomico.com/,Verificado,Alta,Alta,Baixa,Referir a ideia ou conteúdo de forma concreta; não simular intimidade.
HOK0011,INV007,PER0043,Atomico,Niklas Zennström,Reflexão institucional,Europe's mission remains our mission,2026,European tech sovereignty,Defende empresas globais construídas na Europa e maior ambição tecnológica.,Ligar o projeto a uma vantagem europeia concreta e à possibilidade de liderança global.,https://20.atomico.com/,Verificado,Alta,Alta,Baixa,Referir a ideia ou conteúdo de forma concreta; não simular intimidade.
HOK0012,INV008,PER0050,Balderton Capital,Daniel Waterhouse,Perfil,From Yahoo and 3i to European venture,,AI health; fusion; enterprise GTM,Combina experiência operacional e investimento em várias ondas tecnológicas.,Apresentar o momento de inflexão técnico e a estratégia de GTM em conjunto.,https://www.balderton.com/team/daniel-waterhouse/,Verificado,Alta,Alta,Baixa,Referir a ideia ou conteúdo de forma concreta; não simular intimidade.
HOK0013,INV008,PER0051,Balderton Capital,Rob Moffat,Perfil,"Fintech, mobile consumer and vertical AI",,Fintech; vertical AI,"Foco atual declarado em fintech, mobile consumer e vertical AI.","Mostrar workflow vertical, dados proprietários e economia por cliente.",https://www.balderton.com/team/rob-moffat/,Verificado,Alta,Alta,Baixa,Referir a ideia ou conteúdo de forma concreta; não simular intimidade.
HOK0014,INV009,PER0062,Cherry Ventures,Sophia Bendz,Perfil,Operator and angel perspective,,Consumer; brand; community,"Experiência em Spotify, Atomico, angel investing e AllBright.","Ligar crescimento do produto a comunidade, marca e comportamento orgânico.",https://cherry.vc/team/sophia-bendz,Verificado,Alta,Alta,Baixa,Referir a ideia ou conteúdo de forma concreta; não simular intimidade.
HOK0015,INV010,PER0068,Creandum,Staffan Helgesson,Perfil / entrevistas,"SaaS, climate and electrification",,SaaS; climate,"Fundador da Creandum; foco em SaaS, clima e eletrificação.",Apresentar a mudança de infraestrutura e por que a Europa tem vantagem nesta categoria.,https://creandum.com/team/staffan-helgesson/,Verificado,Alta,Alta,Baixa,Referir a ideia ou conteúdo de forma concreta; não simular intimidade.
HOK0016,INV010,PER0069,Creandum,Carl Fritjofsson,Perfil / podcast,"AI infra, vertical AI and lessons from scaling Wrapp",,AI; company scaling,"Reflete sobre erros de escalar cedo, subsidiar produto e sobrestimar concorrência.",Mostrar disciplina de escala e a aprendizagem que evitou crescimento artificial.,https://creandum.com/team/carl-fritjofsson/,Verificado,Alta,Alta,Baixa,Referir a ideia ou conteúdo de forma concreta; não simular intimidade.
HOK0017,INV010,PER0073,Creandum,Jakob Stein,Perfil,Physical AI and Europe's industrial edge,,Physical AI; compute,"Vê vantagem europeia em talento técnico, indústria e problemas físicos difíceis.",Ligar o produto a um processo industrial concreto e a dados do mundo físico.,https://creandum.com/team/jakob-stein/,Verificado,Alta,Alta,Baixa,Referir a ideia ou conteúdo de forma concreta; não simular intimidade.
HOK0018,INV010,PER0077,Creandum,Richard Keuntje,Perfil,What if everything goes right?,,Enterprise AI,Usa a pergunta sobre o melhor cenário para decidir se vale assumir o risco.,Apresentar o cenário otimista quantificado e por que é plausível.,https://creandum.com/team/richard-keuntje/,Verificado,Alta,Alta,Baixa,Referir a ideia ou conteúdo de forma concreta; não simular intimidade.
HOK0019,INV010,PER0079,Creandum,Maria Raga,Perfil,Scaling Depop to a $1.6bn acquisition,,Consumer; scaling culture,Traz experiência operacional de Groupon e de liderar a Depop até aquisição.,Pedir uma perspetiva sobre o ponto em que a cultura precisa de mudar para suportar escala.,https://creandum.com/team/maria-raga/,Verificado,Alta,Alta,Baixa,Referir a ideia ou conteúdo de forma concreta; não simular intimidade.
HOK0020,INV011,PER0083,Northzone,Pär-Jörgen Pärson,Perfil,Fundamental shifts upend industries,,Energy; health; consumer; AI,Procura mudanças fundamentais capazes de derrubar estruturas existentes.,Começar pela mudança estrutural e mostrar o comportamento que já mudou.,https://northzone.com/team/par-jorgen-parson?f411be3b_page=1,Verificado,Alta,Alta,Baixa,Referir a ideia ou conteúdo de forma concreta; não simular intimidade.
HOK0021,INV011,PER0083,Northzone,Pär-Jörgen Pärson,Artigo,Hypothesis-led investing,,Investment process,"Defende explicitar hipóteses, pressupostos e o leap of faith.",Enviar uma hipótese de investimento curta com pressupostos que podem ser testados.,https://northzone.com/insights/hypothesis-led-investing-how-we-institutionalised-gut-driven-investing-and-our-learnings-from-spring-healths-investment-memo,Verificado,Alta,Alta,Baixa,Referir a ideia ou conteúdo de forma concreta; não simular intimidade.
HOK0022,INV011,PER0085,Northzone,Sanjot Malhi,Perfil,Global growth investor and former football player,,Growth; international scaling,Experiência global em late-stage e passado como jogador profissional.,Relacionar disciplina competitiva com a métrica que define a próxima fase de crescimento.,https://northzone.com/team/sanjot-malhi,Verificado,Alta,Alta,Baixa,Referir a ideia ou conteúdo de forma concreta; não simular intimidade.
HOK0023,INV012,PER0099,Project A,Philipp Werner,Perfil,Operator turned investor in supply chains and energy,,Supply chain; logistics; energy,"Passou por venture development, CMO e investimento na Project A.",Mostrar uma fricção operacional que a equipa conhece por experiência própria.,https://www.project-a.com/team/philipp-werner/,Verificado,Alta,Alta,Baixa,Referir a ideia ou conteúdo de forma concreta; não simular intimidade.
HOK0024,INV012,PER0099,Project A,Philipp Werner,Artigo,From early conviction to category leader,,Agentic procurement,Relaciona agentes de IA com procurement e cadeias globais.,Enquadrar a solução como sistema de ação e não apenas dashboard.,https://insights.project-a.com/from-early-conviction-to-category-leader/,Verificado,Alta,Alta,Baixa,Referir a ideia ou conteúdo de forma concreta; não simular intimidade.
HOK0025,INV012,PER0094,Project A,Florian Heinemann,Perfil,"Marketing, CRM and business intelligence",,GTM; analytics,Histórico como fundador e operador na Rocket Internet e JustBooks/AbeBooks.,Trazer unit economics e um plano de aquisição testável desde o primeiro contacto.,https://www.project-a.com/team/florian-heinemann,Verificado,Alta,Alta,Baixa,Referir a ideia ou conteúdo de forma concreta; não simular intimidade.
HOK0026,INV012,PER0093,Project A,Uwe Horstmann,Perfil,"Dealflow, investments and disaster logistics",,Investment; logistics,"Além de VC, trabalha em disaster logistics com organizações internacionais.","Se houver logística ou resiliência, ligar a missão a um caso operacional real.",https://www.project-a.com/team/uwe-horstmann/,Verificado,Alta,Alta,Baixa,Referir a ideia ou conteúdo de forma concreta; não simular intimidade.
HOK0027,INV012,PER0098,Project A,Malin Posern,Perfil,Operator and investor across consumer and SaaS,,Consumer; SaaS; fintech,"Foi GP na Passion Capital, investidora na Index e operadora na Browns/Farfetch.",Mostrar uma decisão de produto ou distribuição que exige experiência simultânea de operação e capital.,https://www.project-a.com/team/malin-posern,Verificado,Alta,Alta,Baixa,Referir a ideia ou conteúdo de forma concreta; não simular intimidade.
HOK0028,INV013,PER0102,Dawn Capital,Josh Bell,Perfil / entrevista,Founders reveal themselves in existential moments,,Fintech; leadership,Valoriza a forma como fundadores reagem a momentos existenciais.,Partilhar uma decisão difícil já tomada e a aprendizagem objetiva.,https://www.dawncapital.com/team/josh-bell,Verificado,Alta,Alta,Baixa,Referir a ideia ou conteúdo de forma concreta; não simular intimidade.
HOK0029,INV013,PER0103,Dawn Capital,Norman Fiore,Perfil / artigos,Treat portfolio companies as customers,,Founder support; B2B software,A cultura da Dawn trata empresas do portfólio como clientes.,Ser específico sobre a decisão difícil em que procuras um parceiro de conselho.,https://www.dawncapital.com/team/norman-fiore,Verificado,Alta,Alta,Baixa,Referir a ideia ou conteúdo de forma concreta; não simular intimidade.
HOK0030,INV013,PER0103,Dawn Capital,Norman Fiore,Artigo,Burning your Equity,2020-11-18,Capital efficiency,"Propõe observar equity burn, não apenas cash burn.",Apresentar eficiência de capital e diluição esperada até ao próximo marco.,https://dawncapital.com/author/norman/,Verificado,Alta,Alta,Baixa,Referir a ideia ou conteúdo de forma concreta; não simular intimidade.
HOK0031,INV013,PER0104,Dawn Capital,Evgenia Plotnikova,Perfil,Technology step change meets underestimated structural need,,AI; infrastructure,Procura a interseção entre salto tecnológico e necessidade estrutural subestimada.,Abrir com a necessidade estrutural e a prova de que o timing tecnológico mudou.,https://www.dawncapital.com/team/evgenia-plotnikova,Verificado,Alta,Alta,Baixa,Referir a ideia ou conteúdo de forma concreta; não simular intimidade.
HOK0032,INV013,PER0106,Dawn Capital,Shamillah Bankiya,Perfil,Stay close to hard problems,,AI; infrastructure; automation,Procura founders que permanecem próximos de problemas técnicos ou operacionais difíceis.,Descrever o workflow difícil que a equipa viveu e o insight exclusivo que daí resultou.,https://www.dawncapital.com/team/shamillah-bankiya,Verificado,Alta,Alta,Baixa,Referir a ideia ou conteúdo de forma concreta; não simular intimidade.
HOK0033,INV013,PER0107,Dawn Capital,Dan Chaplin,Perfil,Humble independent thinkers and narrative,,Automation; vertical software; fintech,"Valoriza pensamento independente, humildade e capacidade de construir uma narrativa.",Partilhar a tese contrarian numa frase e a evidência que te faria mudar de opinião.,https://www.dawncapital.com/team/dan-chaplin,Verificado,Alta,Alta,Baixa,Referir a ideia ou conteúdo de forma concreta; não simular intimidade.
HOK0034,INV014,PER0112,Octopus Ventures,Paul Davidson,Perfil,"SaaS across cybersecurity, AI, data and infrastructure",,B2B SaaS,"Combina experiência de investimento com suporte a vendas, produto e pessoas.",Apresentar o motor de crescimento SaaS e o gargalo operacional que o capital resolve.,https://octopusventures.com/team/b2b-software/paul-davidson/,Verificado,Alta,Alta,Baixa,Referir a ideia ou conteúdo de forma concreta; não simular intimidade.
HOK0035,INV014,PER0113,Octopus Ventures,Will Gibbs,Perfil,Digital therapeutics and US health expansion,,Health; US expansion,"Interesse em digital therapeutics, novos modelos e expansão para os EUA.","Se healthtech, ligar evidência clínica, modelo de pagamento e plano de entrada nos EUA.",https://octopusventures.com/team/health/will-gibbs/,Verificado,Alta,Alta,Baixa,Referir a ideia ou conteúdo de forma concreta; não simular intimidade.
HOK0036,INV014,PER0114,Octopus Ventures,Tosin Agbabiaka,Perfil / artigos,Fintech in a shifting global environment,,Fintech; policy,"Carreira combina política pública, energia, direito e investimento fintech.",Enquadrar a oportunidade regulatória como vantagem competitiva mensurável.,https://octopusventures.com/team/fintech/tosin-agbabiaka/,Verificado,Alta,Alta,Baixa,Referir a ideia ou conteúdo de forma concreta; não simular intimidade.
HOK0037,INV014,PER0115,Octopus Ventures,Santiago Fernandez,Perfil,"Scaling AI, SaaS and fintech from Series B to pre-IPO",,Growth; fintech,"Apoia hiring, fundraising, M&A e parcerias comerciais na fase de crescimento.",Apresentar a métrica de escala e a decisão de organização necessária para a próxima fase.,https://octopusventures.com/team/fintech/santiago-fernandez/,Verificado,Alta,Alta,Baixa,Referir a ideia ou conteúdo de forma concreta; não simular intimidade.
HOK0038,INV014,PER0116,Octopus Ventures,Theo Xydas,Perfil,Financial infrastructure and AI-enabled services,,Growth fintech; AI,"Experiência em growth equity, Mouro Capital e Target Global.",Ligar a infraestrutura financeira a um workflow que a IA torna finalmente automatizável.,https://octopusventures.com/team/fintech/theo-xydas/,Verificado,Alta,Alta,Baixa,Referir a ideia ou conteúdo de forma concreta; não simular intimidade.
HOK0039,INV015,PER0120,Notion Capital,Jos White,Artigo / retreat,Platform supercycles and the AI age,2025,AI; market cycles,Compara a vaga de IA com superciclos anteriores e procura efeitos não óbvios.,Explicar qual efeito de segunda ordem da IA cria o teu mercado.,https://www.notion.vc/resources/new-frontiers-reflections-from-the-notion-capital-founder-retreat-2025,Verificado,Alta,Alta,Baixa,Referir a ideia ou conteúdo de forma concreta; não simular intimidade.
HOK0040,INV015,PER0122,Notion Capital,Itxaso del Palacio,Artigo,Why we invested in TERN,2025-09-10,AI workforce; healthcare,Vê potencial em plataformas AI-native que resolvem escassez estrutural de talento.,Ligar o produto a um problema estrutural de mão de obra e receita recorrente.,https://www.notion.vc/resources/why-we-invested-in-tern,Verificado,Alta,Alta,Baixa,Referir a ideia ou conteúdo de forma concreta; não simular intimidade.
HOK0041,INV015,PER0124,Notion Capital,Kamil Mieczakowski,Artigo,Why we invested in Upciti,2025-10-16,Physical AI; public infrastructure,"Tese em AI aplicada a cidades, sensores e dados fragmentados.",Mostrar como dados heterogéneos se tornam um sistema de ação com ROI claro.,https://www.notion.vc/resources/why-we-invested-in-upciti,Verificado,Alta,Alta,Baixa,Referir a ideia ou conteúdo de forma concreta; não simular intimidade.
HOK0042,INV015,PER0123,Notion Capital,Patrick Norris,Artigo,Quantum Systems and autonomous drones,2024-09-24,Defence; autonomous systems,"Procura product-market fit, procura do comprador e equipas com conhecimento do procurement.","Se dual-use, mostrar acesso ao comprador, procurement e integração hardware-software.",https://www.notion.vc/resources/why-notion-capital-invested-in-quantum-systems,Verificado,Alta,Alta,Baixa,Referir a ideia ou conteúdo de forma concreta; não simular intimidade.
HOK0043,INV016,PER0126,Nauta Capital,Carles Ferrer,Perfil,"Security, SaaS and critical data-driven companies",,B2B software,"Interesses incluem security, SaaS, analytics e empresas críticas baseadas em dados.",Ligar o produto a um sistema crítico e explicar custo de substituição e qualidade dos dados.,https://www.nautacapital.com/team,Verificado,Alta,Alta,Baixa,Referir a ideia ou conteúdo de forma concreta; não simular intimidade.
HOK0044,INV016,PER0128,Nauta Capital,Borja Breña,Perfil,Spain and Portugal opportunities,,Iberia; software,"Experiência na Telefónica CVC, Kennet, Barclays e Deloitte.",Mostrar por que a base ibérica permite uma expansão europeia rápida.,https://www.nautacapital.com/team,Verificado,Alta,Alta,Baixa,Referir a ideia ou conteúdo de forma concreta; não simular intimidade.
HOK0045,INV016,PER0129,Nauta Capital,Conor Scanlan,Perfil,Seed+ and Series A B2B software,,B2B software,Passou por Octopus Ventures e Frog Capital antes da Nauta.,Ligar o pedido ao marco entre seed e Series A e ao modelo SaaS.,https://www.nautacapital.com/team,Verificado,Alta,Alta,Baixa,Referir a ideia ou conteúdo de forma concreta; não simular intimidade.
HOK0046,INV016,PER0131,Nauta Capital,Theo Wethered,Perfil,"AI, data, fintech and supply chain",,AI; data; fintech,"Experiência em startups, Molten Ventures, L.E.K. e criação de microbusiness.",Mostrar um caso em que dados ou IA mudam a economia de uma cadeia operacional.,https://www.nautacapital.com/team,Verificado,Alta,Alta,Baixa,Referir a ideia ou conteúdo de forma concreta; não simular intimidade.
HOK0047,INV016,PER0133,Nauta Capital,Stella Buhalis,Perfil,Relentless problem solvers,,Fintech; future of work; healthcare,Procura founders que resolvem problemas persistentemente e constroem equipas fortes.,Partilhar a iteração mais difícil e a evidência de que a equipa aprende mais depressa.,https://www.nautacapital.com/team,Verificado,Alta,Alta,Baixa,Referir a ideia ou conteúdo de forma concreta; não simular intimidade.
HOK0048,INV017,PER0135,K Fund,Iñaki Arrola,Perfil,Founder of coches.com and early angel,,Marketplaces; founder empathy,Construiu coches.com durante 16 anos e foi business angel antes da K Fund.,Relacionar a conversa com uma decisão de longo prazo na construção de marketplace.,https://www.kfund.vc/team,Verificado,Alta,Alta,Baixa,Referir a ideia ou conteúdo de forma concreta; não simular intimidade.
HOK0049,INV017,PER0136,K Fund,Carina Szpilka,Perfil / podcast,Customer-centric fintech and evolution of K,,Fintech; customer experience,Liderou ING Direct em França e Espanha e discute a evolução do fundo.,Começar por uma mudança concreta na experiência financeira do cliente.,https://www.kfund.vc/team,Verificado,Alta,Alta,Baixa,Referir a ideia ou conteúdo de forma concreta; não simular intimidade.
HOK0050,INV017,PER0137,K Fund,Pablo Ventura,Perfil,Dual-use and AI software for SMEs,,Dual-use; SME software,"Ex-JME, com investimentos em Jobandtalent e Flywire.","Se aplicável, ligar IA a um problema operacional de PME e a uma rota de distribuição.",https://www.kfund.vc/team,Verificado,Alta,Alta,Baixa,Referir a ideia ou conteúdo de forma concreta; não simular intimidade.
HOK0051,INV017,PER0139,K Fund,Jaime Novoa,Artigo / podcast,Evolution from Spanish seed to Southern Europe and LatAm,2024-02-27,Fund strategy; ecosystem,Explica a expansão de pre-seed/seed para Series A e novas geografias.,Mostrar por que a empresa pode usar Iberia como ponte para outro mercado.,https://www.kfund.vc/post/podkast-173-la-evolucion-de-k-de-pre-seed-seed-en-espana-a-series-a-en-sur-de-europa-y-latam,Verificado,Alta,Alta,Baixa,Referir a ideia ou conteúdo de forma concreta; não simular intimidade.
HOK0052,INV017,PER0137,K Fund,Pablo Ventura,Artigo,Kfund Tech Due Diligence guidebook,2025-04-21,Technical due diligence,A K Fund adapta due diligence técnica ao estágio e avalia visão e capacidade do CTO.,"Antecipar arquitetura, riscos e plano de equipa técnica de acordo com o estágio.",https://www.kfund.vc/post/kfund-tech-due-diligence,Verificado,Alta,Alta,Baixa,Referir a ideia ou conteúdo de forma concreta; não simular intimidade.
HOK0053,INV018,PER0145,Samaipata,Luis Garay,Q&A / tese,The Founders Q&A,2024-10-24,Network effects; fund fit,"Publica ticket, geografias e critérios de mercado, unit economics e cap table.",Responder proativamente aos quatro critérios com números numa página.,https://www.samaipata.vc/post/the-founders-q-a,Verificado,Alta,Alta,Baixa,Referir a ideia ou conteúdo de forma concreta; não simular intimidade.
HOK0054,INV018,PER0143,Samaipata,José del Barrio,Perfil,Founder of La Nevera Roja,,Marketplaces; founder experience,Construiu e vendeu uma plataforma de delivery antes de criar a Samaipata.,Ligar o efeito de rede a um comportamento observado no marketplace.,https://www.samaipata.vc/samaipata-team,Verificado,Alta,Alta,Baixa,Referir a ideia ou conteúdo de forma concreta; não simular intimidade.
HOK0055,INV019,PER0154,Portugal Ventures,Miguel Barbosa,Perfil,"Tourism, hardware, IoT and industrial experience",,Tourism; hardware; IoT,"Mais de 20 anos em VC, consultoria e telecomunicações.","Mostrar claramente elegibilidade, hardware economics e expansão internacional.",https://www.portugalventures.pt/en/member/miguel-barbosa/,Verificado,Alta,Alta,Baixa,Referir a ideia ou conteúdo de forma concreta; não simular intimidade.
HOK0056,INV020,PER0156,Indico Capital Partners,Stephan de Moraes,Perfil,From Caixa Capital to an independent Portuguese VC,,Portugal-to-global,Combina experiência de CEO e investimento em histórias tecnológicas portuguesas.,Ligar talento português a uma categoria global e a um plano de financiamento disciplinado.,https://www.indicocapital.com/about-us,Verificado,Alta,Alta,Baixa,Referir a ideia ou conteúdo de forma concreta; não simular intimidade.
HOK0057,INV020,PER0158,Indico Capital Partners,Cristina Fonseca,Perfil / entrevista,Founder of Talkdesk turned investor,,Enterprise SaaS; AI,Experiência direta de construir uma empresa SaaS global a partir de Portugal.,Abrir com uma decisão de founder que só outro founder reconhecerá e uma métrica SaaS.,https://www.indicocapital.com/about-us,Verificado,Alta,Alta,Baixa,Referir a ideia ou conteúdo de forma concreta; não simular intimidade.
HOK0058,INV022,PER0177,Armilar Venture Partners,Pedro Ribeiro Santos,Artigo,Armilar IV and the overlap of digital tech and hard science,2025-11-05,Deeptech; Series A,Defende a passagem de validação para escala em B2B deeptech.,"Mostrar prova técnica, mercado global e o marco que transforma validação em escala.",https://www.armilar.com/articles/armilar-announces-first-closing-of-fund-iv-with-eu120m-to-invest-in-disruptive-technologies-across-iberia-and-europe,Verificado,Alta,Alta,Baixa,Referir a ideia ou conteúdo de forma concreta; não simular intimidade.
HOK0059,INV022,PER0178,Armilar Venture Partners,Duarte Mineiro,Artigo,Armilar IV: Iberia and Europe,2025-11-05,Iberia; deeptech,"Sublinha talento, I&D e redução de capacidade de capital como oportunidade.",Ligar I&D ibérica a uma vantagem comercial europeia concreta.,https://www.armilar.com/articles/armilar-announces-first-closing-of-fund-iv-with-eu120m-to-invest-in-disruptive-technologies-across-iberia-and-europe,Verificado,Alta,Alta,Baixa,Referir a ideia ou conteúdo de forma concreta; não simular intimidade.
HOK0060,INV025,PER0198,Connect Ventures,Pietro Bezza,Artigo,Investment decisions at Connect,,Investment process,"A decisão é unânime entre três partners, após memo e reunião longa com founders.",Enviar um memo curto com factos e tese subjetiva claramente separados.,https://www.connectventures.co/opinions/investment-decisions-at-connect,Verificado,Alta,Alta,Baixa,Referir a ideia ou conteúdo de forma concreta; não simular intimidade.
HOK0061,INV025,PER0199,Connect Ventures,Sitar Teli,Artigo / tese,The Connect Ventures Thesis,,Product-led companies,"Avalia market size, equipa, GTM, modelo e product love com alta convicção.",Mostrar evidência de amor pelo produto e por que o mercado pode ser muito maior.,https://www.connectventures.co/opinions/the-connect-ventures-thesis-part-2,Verificado,Alta,Alta,Baixa,Referir a ideia ou conteúdo de forma concreta; não simular intimidade.
HOK0062,INV025,PER0200,Connect Ventures,Rory Stirling,Artigo,Investing in Nexcade,2025-10-08,AI for logistics,Valoriza insiders com perspetiva de outsider e automação de trabalho não estruturado.,Explicar o workflow caótico que a equipa viveu e a automação que agora é possível.,https://www.connectventures.co/opinions/investing-in-nexcade,Verificado,Alta,Alta,Baixa,Referir a ideia ou conteúdo de forma concreta; não simular intimidade.
HOK0063,INV025,PER0198,Connect Ventures,Pietro Bezza,Artigo,Investing in Ewake,2025-10-07,AI reliability,Procura founders com dor vivida e agentes que atuam no fluxo real de trabalho.,Começar pela dor operacional pessoal e demonstrar resolução no ambiente do cliente.,https://www.connectventures.co/opinions/investing-in-ewake-engineers-best-friend-for-software-reliability,Verificado,Alta,Alta,Baixa,Referir a ideia ou conteúdo de forma concreta; não simular intimidade.
HOK0064,INV027,PER0209,Partech,Romain Lavault,Perfil,Rocket scientist and founder leading Seed,,AI; deeptech; enterprise,Criou a atividade Seed e investe em frontier tech e software.,Ser tecnicamente específico e explicar por que o problema precisa de uma nova categoria.,https://partechpartners.com/team/romain-lavault,Verificado,Alta,Alta,Baixa,Referir a ideia ou conteúdo de forma concreta; não simular intimidade.
HOK0065,INV027,PER0210,Partech,Boris Golden,Perfil,Novel and hybrid models without playbooks,,Seed; hybrid models,Procura modelos novos onde não há playbook e atua como advisor hands-on.,Mostrar por que os modelos comparáveis falham e qual learning loop substitui o playbook.,https://partechpartners.com/team/boris-golden,Verificado,Alta,Alta,Baixa,Referir a ideia ou conteúdo de forma concreta; não simular intimidade.
HOK0066,INV027,PER0211,Partech,Réza Malekzadeh,Perfil,Operator in VMware and two startup exits,,Enterprise software,"Experiência em vendas, marketing e operações, incluindo VMware e duas startups.",Ligar a inovação ao plano comercial enterprise e à expansão internacional.,https://partechpartners.com/team/reza-malekzadeh,Verificado,Alta,Alta,Baixa,Referir a ideia ou conteúdo de forma concreta; não simular intimidade.
HOK0067,INV027,PER0212,Partech,Alison Imbert,Promoção / perfil,Backing founders pre-product and pre-revenue,2025-07-07,Seed; data; fintech,Reconhecida por identificar founders muito cedo e por investimentos seed.,"Apresentar insight de founder, aprendizagem pré-produto e prova mínima de procura.",https://partechpartners.com/news/partech-announces-promotions-across-investment-teams,Verificado,Alta,Alta,Baixa,Referir a ideia ou conteúdo de forma concreta; não simular intimidade.
HOK0068,INV028,PER0216,Korys,Dries Crevits,Entrevista institucional,Korys’ sustainability journey: from the initial spark to future realities.,,Sustentabilidade; capital paciente,"Explica a preferência por investimento com propósito, horizonte longo e impacto observável.",Explicar que mudança mensurável o projeto produz em cinco anos e perguntar qual prova inicial justificaria capital paciente.,https://korys.be/korys-sustainability-journey-from-the-initial-spark-to-future-realities/,Verificado,Alta,Avaliar contexto,Baixa,"Declaração pessoal.  Sugestão de abordagem redigida por nós, não citação. Fonte consultada em 2026-09-09. Lote 2."
HOK0069,INV028,PER0216,Korys,Dries Crevits,Entrevista / caso de investimento,The three secret ingredients in the D-drinks recipe,,Foodtech; distribuição,Apresenta distribuidores como plataformas para levar marcas alimentares inovadoras ao mercado.,Relacionar o canal de distribuição com o custo de conquistar cada mercado; perguntar se a vantagem deve estar na marca ou na infraestrutura comercial.,https://korys.be/the-three-secret-ingredients-in-the-d-drinks-recipe/,Verificado,Alta,Avaliar contexto,Baixa,"Declaração pessoal.  Sugestão de abordagem redigida por nós, não citação. Fonte consultada em 2026-09-09. Lote 2."
HOK0070,INV028,PER0217,Korys,Hilde Van der Straeten,Perfil oficial,Hilde Van der Straeten — Conscious Consumer,,Consumo; conveniência,Procura benefícios para saúde e sustentabilidade sem sacrificar conveniência.,Mostrar dados de utilização que provem que a alternativa responsável é tão conveniente como a atual.,https://korys.be/our-team/,Verificado,Alta,Avaliar contexto,Baixa,"Perfil institucional.  Sugestão de abordagem redigida por nós, não citação. Fonte consultada em 2026-09-09. Lote 2."
HOK0071,INV028,PER0218,Korys,Quentin Dupont,Declaração em anúncio,"Greenely secures €8 million in Series A funding, led by Korys",,Energia; VPP; expansão,Declaração conjunta com Brieuc de Hults apoia a expansão da Greenely e a mudança no consumo doméstico de energia.,Partir da Greenely para perguntar que evidência de adoção doméstica e flexibilidade energética espera antes da expansão geográfica.,https://korys.be/pers/greenely-secures-e8-million-in-series-a-funding-led-by-korys-to-enhance-household-energy-optimization-and-expand-its-residential-virtual-power-plant-platform/,Verificado,Alta,Avaliar contexto,Baixa,"Declaração conjunta. Não atribuir a Quentin sozinho as palavras conjuntas. Data exata não confirmada. Sugestão de abordagem redigida por nós, não citação. Fonte consultada em 2026-09-09. Lote 2."
HOK0072,INV028,PER0220,Korys,David Devigne,Declaração citada pela imprensa,Familie Colruyt investeert in nieuwe kankerbestrijding,,Oncologia; necessidade não satisfeita,Atribui à Mablink potencial para doentes sem resposta nas terapias existentes.,"Se o projeto for oncológico, apresentar a população sem opção eficaz e os dados que sustentam a diferenciação terapêutica.",https://be.linkedin.com/posts/de-tijd_familie-colruyt-investeert-in-nieuwe-kankerbestrijding-activity-6986721035131723778-BJSi,Verificado,Média,Avaliar contexto,Baixa,"Declaração pessoal citada. Fonte: publicação de De Tijd no LinkedIn. Opinião sobre investimento; não informação de saúde pessoal. Sugestão de abordagem redigida por nós, não citação. Fonte consultada em 2026-09-09. Lote 2."
HOK0073,INV029,PER0222,H14,Riccardo Porcelli,Publicação LinkedIn,Comentário sobre o investimento em Unobravo,,Mental health; acesso; impacto,Associa liderança de categoria a acesso a terapia e redução do estigma.,"Ligar o crescimento do negócio a uma métrica verificável de acesso ao serviço, em vez de usar apenas uma narrativa de impacto.",https://www.linkedin.com/posts/riccardo-porcelli-658b6874_proud-and-happy-to-join-the-unobravo-servizio-activity-7141031623407439876-fnCY,Verificado,Alta,Avaliar contexto,Baixa,"Declaração pessoal.  Sugestão de abordagem redigida por nós, não citação. Fonte consultada em 2026-09-09. Lote 2."
HOK0074,INV029,PER0222,H14,Riccardo Porcelli,Declaração em notícia de investimento,WeRoad — racional de investimento da H14,2023-11,Travel; comunidade; crescimento,Salienta resiliência da procura por viagens e força da comunidade criada pela WeRoad.,Apresentar retenção e aquisição por comunidade; perguntar qual indicador permite distinguir comunidade duradoura de crescimento promocional.,https://www.newdealadvisors.com/wp-content/uploads/2023/11/dealfloer-h14-weroad-27.11.pdf,Verificado,Média,Avaliar contexto,Baixa,"Declaração pessoal citada. Mês confirmado pelo documento; não inventado o dia de publicação. Sugestão de abordagem redigida por nós, não citação. Fonte consultada em 2026-09-09. Lote 2."
HOK0075,INV029,PER0222,H14,Riccardo Porcelli,Publicação LinkedIn no perfil,Comentário sobre Fleek e comércio de segunda mão,,B2B marketplace; velocidade de execução,Elogia a rapidez de execução e iteração dos founders da Fleek.,"Mostrar o ciclo entre feedback, alteração do produto e resultado comercial, com um exemplo recente e mensurável.",https://it.linkedin.com/in/riccardo-porcelli-658b6874,Verificado,Alta,Avaliar contexto,Baixa,"Declaração pessoal. Post acessível no perfil; URL individual e data exata não expostas. Sugestão de abordagem redigida por nós, não citação. Fonte consultada em 2026-09-09. Lote 2."
HOK0076,INV030,PER0224,Fink Family Office,Alexander Fink,Publicação LinkedIn,How are Family offices leveraging AI for DD and portfolio management,,IA; diligência; private markets,Diz que a family office usa Allermuir para diligência de empresas privadas.,"No caso SaaS: mostrar como a descoberta de investidores complementa a análise de empresas, e pedir opinião sobre a fronteira entre as duas tarefas.",https://www.linkedin.com/posts/alexandermfink_how-are-family-offices-leveraging-ai-for-activity-7491175283249721344-B0Py,Verificado,Alta,Avaliar contexto,Baixa,"Declaração pessoal. Possível sobreposição comercial. Não apresentar acesso a dados não públicos. Sugestão de abordagem redigida por nós, não citação. Fonte consultada em 2026-09-09. Lote 2."
HOK0077,INV030,PER0224,Fink Family Office,Alexander Fink,Publicação LinkedIn,A week in the life of a FO,,Healthtech; boards; acompanhamento,Descreve participação numa reunião de conselho da EnsiliTech e contactos com o ecossistema healthtech.,Perguntar que marco operacional torna uma descoberta científica suficientemente madura para apoio ativo da family office.,https://www.linkedin.com/posts/alexandermfink_a-week-in-the-life-of-a-fo-fast-paced-high-value-activity-7453820105060356096-FEZe,Verificado,Alta,Avaliar contexto,Baixa,"Relato profissional pessoal. Participar numa reunião não confirma, por si só, cargo formal no conselho. Sugestão de abordagem redigida por nós, não citação. Fonte consultada em 2026-09-09. Lote 2."
HOK0078,INV030,PER0224,Fink Family Office,Alexander Fink,Publicação institucional com repost,Comentário sobre Proxima Fusion,,Energia; ciência; divulgação,"Explica publicamente que a Fink Family Office e a Empirical investiram em Proxima Fusion, remetendo para divulgação de Ben Miles.","Se houver ciência industrial, apresentar uma explicação técnica curta e um caso económico que possa ser compreendido por especialistas e investidores.",https://uk.linkedin.com/company/fink-family-office,Verificado,Alta,Avaliar contexto,Baixa,"Publicação pessoal reproduzida pela entidade. Opinião identificada como post de Alexander na página institucional. Data exata indisponível. Sugestão de abordagem redigida por nós, não citação. Fonte consultada em 2026-09-09. Lote 2."
HOK0079,INV030,PER0225,Fink Family Office,Jordan Fink,Publicação LinkedIn reproduzida,Entrada em Allermuir Capital e descrição da plataforma,,IA para investimento; dados não estruturados,Explica o uso de data rooms e memorandos na análise automatizada de investimentos.,Perguntar onde a pesquisa externa de investidores pode complementar o trabalho com documentos internos e demonstrar a proveniência de cada dado.,https://www.linkedin.com/posts/alexandermfink_congrats-to-my-brother-jordan-fink-on-his-activity-7341049198877765632-uIlH,Verificado,Alta,Avaliar contexto,Baixa,"Declaração pessoal. O texto de Jordan está reproduzido no post de Alexander; não confundir os autores. Sugestão de abordagem redigida por nós, não citação. Fonte consultada em 2026-09-09. Lote 2."
HOK0080,INV030,PER0225,Fink Family Office,Jordan Fink,Participação anunciada em conferência,"PE Conf — How AI is changing deal sourcing, due diligence & portfolio operations",2026-05-29,IA; sourcing; diligência,Anunciado como interveniente num painel sobre IA nas operações de private equity.,Referir o tema do painel e perguntar qual tarefa de sourcing considera ainda mal resolvida; não alegar ter assistido.,https://pe2026.com/,Verificado,Média,Avaliar contexto,Baixa,"Participação pública. Agenda não equivale a transcrição nem comprova uma opinião sobre cada tema. Sugestão de abordagem redigida por nós, não citação. Fonte consultada em 2026-09-09. Lote 2."
HOK0081,INV031,PER0226,DIG Ventures,Ross Mason,Publicação LinkedIn,DIG Ventures — primeiro fundo institucional,,VC de origem familiar; apoio operacional,Explica a evolução de family office para fundo institucional e o apoio operacional a founders europeus.,"Perguntar que erro de produto ou vendas um fundador técnico deve resolver antes de captar, ligando a pergunta à experiência MuleSoft.",https://www.linkedin.com/posts/ross-mason_a-proud-moment-for-the-dig-ventures-team-activity-7316021223954501634-0mPN,Verificado,Alta,Avaliar contexto,Baixa,"Declaração pessoal.  Sugestão de abordagem redigida por nós, não citação. Fonte consultada em 2026-09-09. Lote 2."
HOK0082,INV031,PER0226,DIG Ventures,Ross Mason,Publicação LinkedIn,Desia — investimento pre-seed liderado pela DIG,,IA; análise de investimentos; dados,"Defende automatizar a descoberta, organização e análise de dados usados por profissionais de investimento.",No caso SaaS: mostrar a diferença entre encontrar investidores adequados e analisar investimentos; demonstrar a qualidade dos dados com um caso auditável.,https://www.linkedin.com/posts/ross-mason_cofounder-of-italys-first-unicorn-raises-activity-7244437286103257089-Lnpb,Verificado,Alta,Avaliar contexto,Baixa,"Declaração pessoal. Desia pode ser concorrente ou solução adjacente; avaliar antes de partilhar detalhe comercial. Sugestão de abordagem redigida por nós, não citação. Fonte consultada em 2026-09-09. Lote 2."
HOK0083,INV031,PER0227,DIG Ventures,Melissa Klinger,Perfil oficial,Melissa Klinger — experiência comercial na MuleSoft,,GTM; founder técnico,A biografia destaca trabalho com founders técnicos na construção da função comercial.,Levar um exemplo de conversa comercial difícil e perguntar o que mudaria na primeira venda de um produto técnico.,https://www.dig.ventures/team,Verificado,Alta,Avaliar contexto,Baixa,"Perfil institucional.  Sugestão de abordagem redigida por nós, não citação. Fonte consultada em 2026-09-09. Lote 2."
HOK0084,INV031,PER0227,DIG Ventures,Melissa Klinger,Declaração citada pela imprensa,Tower raises USD $6.4m to bring AI data code to prod,,IA; produção; infraestrutura de dados,Distingue facilidade de gerar pipelines com IA da dificuldade de os operar com fiabilidade.,Mostrar como o produto reduz falhas em produção e quantificar o trabalho operacional evitado.,https://cfotech.co.uk/story/tower-raises-usd-6-4m-to-bring-ai-data-code-to-prod,Verificado,Média,Avaliar contexto,Baixa,"Declaração pessoal citada. A cifra é da ronda total da Tower; não é o cheque de Melissa ou da DIG. Sugestão de abordagem redigida por nós, não citação. Fonte consultada em 2026-09-09. Lote 2."
HOK0085,INV031,PER0228,DIG Ventures,Rytis Vitkauskas,Publicação LinkedIn,All-in-one AI platform — nexos.ai,,IA enterprise; equipa; continuidade,Salienta continuidade da parceria com a equipa nexos.ai e execução ao longo dos anos.,Relacionar a execução do teu projeto com uma aprendizagem acumulada da equipa e perguntar que marco valida uma plataforma de IA empresarial.,https://www.linkedin.com/posts/rvitkauskas_all-in-one-ai-platform-activity-7386353860748931072-MolE,Verificado,Alta,Avaliar contexto,Baixa,"Declaração pessoal.  Sugestão de abordagem redigida por nós, não citação. Fonte consultada em 2026-09-09. Lote 2."
HOK0086,INV032,PER0229,Smedvig Ventures,Jon Lerner,Entrevista no perfil oficial,A conversation with Jon — PMF or GTM?,,SaaS; diagnóstico de crescimento,"Defende diagnosticar se um problema de vendas resulta de produto, GTM ou ambos.",Apresentar um funil e uma cohort de retenção; perguntar qual teste faria primeiro para distinguir PMF de distribuição.,https://smedvig.vc/people/jon-lerner/,Verificado,Alta,Avaliar contexto,Baixa,"Declaração pessoal.  Sugestão de abordagem redigida por nós, não citação. Fonte consultada em 2026-09-09. Lote 2."
HOK0087,INV032,PER0229,Smedvig Ventures,Jon Lerner,Entrevista no perfil oficial,A conversation with Jon — what gets you excited about a business?,,Métricas; software crítico,"Valoriza detalhe, métricas e plataformas que se tornam essenciais à organização.",Mostrar qual processo deixa de funcionar sem o produto e qual métrica demonstra aumento de dependência ao longo do tempo.,https://smedvig.vc/people/jon-lerner/,Verificado,Alta,Avaliar contexto,Baixa,"Declaração pessoal.  Sugestão de abordagem redigida por nós, não citação. Fonte consultada em 2026-09-09. Lote 2."
HOK0088,INV032,PER0230,Smedvig Ventures,Joe Knowles,Entrevista no perfil oficial,A conversation with Joe — essentialism,,Prioridades; execução,Define apoio a founders como identificar o problema principal e priorizar com rigor.,Enviar três possíveis prioridades e os dados de cada uma; pedir opinião sobre a que removeria primeiro.,https://smedvig.vc/people/joe-knowles/,Verificado,Alta,Avaliar contexto,Baixa,"Declaração pessoal.  Sugestão de abordagem redigida por nós, não citação. Fonte consultada em 2026-09-09. Lote 2."
HOK0089,INV032,PER0230,Smedvig Ventures,Joe Knowles,Recomendação pública de livro,Never Split the Difference — recomendação de Joe Knowles,,Escuta ativa; negociação,Recomenda o livro pelo que ensina sobre escuta ativa.,"Se já leste o livro, ligar uma prática de escuta a uma descoberta real de cliente; caso contrário, perguntar que aplicação considera mais útil.",https://smedvig.vc/people/joe-knowles/,Verificado,Alta,Avaliar contexto,Baixa,"Declaração pessoal.  Sugestão de abordagem redigida por nós, não citação. Fonte consultada em 2026-09-09. Lote 2."
HOK0090,INV032,PER0231,Smedvig Ventures,Rob Toms,Entrevista no perfil oficial,A conversation with Rob — scaling sales and marketing,,GTM; crescimento eficiente,Descreve a dificuldade de escalar vendas mantendo crescimento e eficiência.,"Apresentar CAC, período de recuperação e crescimento por cohort; perguntar onde costuma surgir primeiro a perda de eficiência.",https://smedvig.vc/people/rob-toms/,Verificado,Alta,Avaliar contexto,Baixa,"Declaração pessoal.  Sugestão de abordagem redigida por nós, não citação. Fonte consultada em 2026-09-09. Lote 2."
HOK0091,INV032,PER0232,Smedvig Ventures,Peter Duffy,Entrevista no perfil oficial,A conversation with Peter — explicar o negócio,,Clareza; narrativa,Usa a reação de alguém exterior ao negócio como sinal de clareza da oportunidade.,Abrir com uma explicação em duas frases e um problema reconhecível; perguntar onde a narrativa perde clareza.,https://smedvig.vc/people/peter-duffy/,Verificado,Alta,Avaliar contexto,Baixa,"Declaração pessoal.  Sugestão de abordagem redigida por nós, não citação. Fonte consultada em 2026-09-09. Lote 2."
HOK0092,INV032,PER0233,Smedvig Ventures,Freddie Kalfayan,Entrevista no perfil oficial,A conversation with Freddie — contrarian founders,,Convicção; oportunidade pouco consensual,Interessa-se por empresas e founders fortes com uma tese pouco consensual.,"Mostrar uma hipótese que contraria o mercado, a evidência disponível e o resultado que te faria abandoná-la.",https://smedvig.vc/people/freddie-kalfayan/,Verificado,Alta,Avaliar contexto,Baixa,"Declaração pessoal.  Sugestão de abordagem redigida por nós, não citação. Fonte consultada em 2026-09-09. Lote 2."
HOK0093,INV033,PER0234,Episode 1,Hector Mason,Entrevista,"Episode 1 Ventures, Interview With General Partner Hector Mason",2024-02-08,IA; infraestrutura; defensibilidade,"Em 2024, preferia infraestrutura e adoção empresarial de IA a aplicações com casos de uso superficiais.",Perguntar se continua a ver essa assimetria; mostrar a defensibilidade que vai além de uma interface para modelos.,https://vcwire.tech/2024/02/08/episode-1-ventures-interview-with-general-partner-hector-mason/,Verificado,Alta,Avaliar contexto,Baixa,"Declaração pessoal. Opinião histórica; não presumir que se mantém sem confirmar. Sugestão de abordagem redigida por nós, não citação. Fonte consultada em 2026-09-09. Lote 2."
HOK0094,INV033,PER0234,Episode 1,Hector Mason,Entrevista institucional,In the ‘Hot Seat’ with Hector Mason,2019-08-22,Founder; equipa técnica,Atribui parte do insucesso da Taskee a não ter encontrado cofundador técnico.,Explicar a divisão real de competências entre founders e como a equipa resolve o risco técnico central.,https://medium.com/episode-1-ventures/in-the-hot-seat-with-hector-mason-c9c6bc0ff18a,Verificado,Alta,Avaliar contexto,Baixa,"Declaração pessoal. Aprendizagem empresarial auto-divulgada; cargo de 2019 não é usado como cargo atual. Sugestão de abordagem redigida por nós, não citação. Fonte consultada em 2026-09-09. Lote 2."
HOK0095,INV033,PER0235,Episode 1,Adam Shuaib,Publicação LinkedIn,Modelo de IA para resultados de startups seed,,Dados; sourcing; métricas,"Relata um modelo treinado em 15 mil empresas e destaca runway, experiência prévia e composição da equipa.",No caso SaaS: perguntar como mede precisão fora da amostra e como evita dados desatualizados no sourcing.,https://www.linkedin.com/posts/adamshuaib_at-episode-1-weve-built-an-ai-model-trained-activity-7272528423053381635-HA9x,Verificado,Alta,Avaliar contexto,Baixa,"Alegação do autor. Não reproduzir alegações preditivas como validação independente nem usar inferências psicológicas para classificar pessoas. Sugestão de abordagem redigida por nós, não citação. Fonte consultada em 2026-09-09. Lote 2."
HOK0096,INV033,PER0236,Episode 1,Simon Murdoch,Artigo de autoria pessoal,Is your start up a business or a pet project?,2016-04-05,Validação; disposição para pagar,Usa FriendsAbroad para explicar o risco de construir algo desejado pelo founder sem procura pagante.,Mostrar entrevistas com compradores e testes de preço; perguntar que evidência separa interesse de intenção de compra.,https://www.linkedin.com/pulse/your-start-up-business-pet-project-simon-murdoch,Verificado,Alta,Avaliar contexto,Baixa,"Declaração pessoal. Conteúdo de 2016; não transportar limiares financeiros históricos para a tese atual. Sugestão de abordagem redigida por nós, não citação. Fonte consultada em 2026-09-09. Lote 2."
HOK0097,INV033,PER0238,Episode 1,Adrian Lloyd,Entrevista,Adrian Lloyd — entrevista sobre founders e venture,2021-09-02,Founder; escolha de carreira; execução,Procura founders fortes que escolhem construir e valoriza experiência operacional.,Explicar por que esta equipa escolheu este problema e qual vantagem concreta decorre do trabalho anterior.,https://unicorn-nest.com/media/interviews/adrian-lloyd-episode-1-ventures/,Verificado,Alta,Avaliar contexto,Baixa,"Declaração pessoal.  Sugestão de abordagem redigida por nós, não citação. Fonte consultada em 2026-09-09. Lote 2."
HOK0098,INV033,PER0238,Episode 1,Adrian Lloyd,Artigo de autoria pessoal,Octopus & True invest in ThirdEye,2019-03-22,Enterprise; procurement; equipa,Destaca capacidade do CEO de recrutar engenharia e gerir ciclos comerciais difíceis em grandes retalhistas.,Mostrar como tens avançado com procurement e que contratação desbloqueia a entrega ao cliente.,https://medium.com/%40adrianelloyd/octopus-true-invest-in-thirdeye-b58b4239d835,Verificado,Alta,Avaliar contexto,Baixa,"Declaração pessoal.  Sugestão de abordagem redigida por nós, não citação. Fonte consultada em 2026-09-09. Lote 2."
HOK0099,INV034,PER0241,Concept Ventures,Reece Chowdhry,Perfil oficial,Reece Chowdhry — aprendizagens como operador,,Founder; pessoas; resiliência,Liga experiências de sucesso e insucesso em startups à importância das pessoas na construção da empresa.,Apresentar uma decisão difícil tomada pela equipa e a mudança de comportamento que dela resultou.,https://concept.vc/team-members/reece-chowdhry,Verificado,Alta,Avaliar contexto,Baixa,"Perfil institucional.  Sugestão de abordagem redigida por nós, não citação. Fonte consultada em 2026-09-09. Lote 2."
HOK0100,INV034,PER0242,Concept Ventures,Oliver Kicks,Perfil oficial,Oliver Kicks — apoio do primeiro cheque à escala,,GTM; recrutamento; follow-on,"Trabalha com founders em contratações iniciais, fundraising e estratégia de produto e GTM.",Levar a primeira contratação sénior em análise e explicar o problema que deve resolver antes da próxima ronda.,https://concept.vc/team-members/oliver-kicks,Verificado,Alta,Avaliar contexto,Baixa,"Perfil institucional.  Sugestão de abordagem redigida por nós, não citação. Fonte consultada em 2026-09-09. Lote 2."
HOK0101,INV034,PER0243,Concept Ventures,Jeff Chowdhry,Perfil oficial,Jeff Chowdhry — serviços financeiros e follow-on,,Fintech; asset management; capital,Lidera investimentos em serviços financeiros e avaliação de follow-on.,"No caso SaaS para investidores: definir o comprador, o orçamento e o marco comercial que justificará o cheque seguinte.",https://concept.vc/team-members/jeff-chowdhry,Verificado,Alta,Avaliar contexto,Baixa,"Perfil institucional.  Sugestão de abordagem redigida por nós, não citação. Fonte consultada em 2026-09-09. Lote 2."
HOK0102,INV034,PER0244,Concept Ventures,Hugo Hazon,Perfil oficial,Hugo Hazon — enterprise e avaliação técnica,,Enterprise; tecnologia; produto,O percurso na Illuminate inclui B2B enterprise; participa na avaliação de oportunidades técnicas.,Mostrar a integração com a infraestrutura do cliente e qual prova técnica reduz o risco da adoção.,https://concept.vc/team-members/hugo-hazon,Verificado,Alta,Avaliar contexto,Baixa,"Perfil institucional.  Sugestão de abordagem redigida por nós, não citação. Fonte consultada em 2026-09-09. Lote 2."
HOK0103,INV034,PER0245,Concept Ventures,Anrea Munsamy,Perfil oficial,Anrea Munsamy — operações e Venture Pledge,,Operações; causas públicas; apoio,Coordena operações e apoio ao portfólio e promove o Venture Pledge.,"Para uma empresa já próxima do fundo, perguntar como funciona o apoio operacional ou a participação dos founders no Venture Pledge.",https://concept.vc/team-members/anrea,Verificado,Alta,Avaliar contexto,Baixa,"Perfil institucional. Contacto de apoio; não apresentar como destinatária principal de pedido de investimento. Sugestão de abordagem redigida por nós, não citação. Fonte consultada em 2026-09-09. Lote 2."
HOK0104,INV034,PER0246,Concept Ventures,Kudei Sawyer Moses,Perfil oficial,Kudei Sawyer Moses — comunidade e comunicações,,Eventos; comunidade; relações,"Organiza a comunidade, eventos e comunicação com os investidores do fundo.","Propor participação num evento com um exemplo útil para outros founders, ou perguntar que formatos a comunidade procura.",https://concept.vc/team-members/kudei-sawyer-moses,Verificado,Alta,Avaliar contexto,Baixa,"Perfil institucional. Rota de comunidade; não decisora de investimento. Sugestão de abordagem redigida por nós, não citação. Fonte consultada em 2026-09-09. Lote 2."
HOK0105,INV035,PER0247,Empirical Ventures,Ben Miles,Declaração em anúncio,Nuclear Turbines raises £15m pre-seed to put a reactor next to the factory,2026-07-27,Deeptech; economia; venture studio,Defende começar pelo custo-alvo da solução e desenhar a tecnologia a partir desse objetivo comercial.,Mostrar o custo final pretendido e o percurso de engenharia necessário para o atingir; perguntar qual hipótese testar primeiro.,https://www.empiricalventures.vc/news/nuclear-turbines-raises-15m-pre-seed,Verificado,Alta,Avaliar contexto,Baixa,"Declaração pessoal. A ronda total não é o cheque da Empirical. Síntese da fala atribuída a Ben. Sugestão de abordagem redigida por nós, não citação. Fonte consultada em 2026-09-09. Lote 2."
HOK0106,INV035,PER0248,Empirical Ventures,Johnathan Matlock,Declaração em anúncio,Nuclear Turbines — comentário de Johnathan Matlock,2026-07-27,Deeptech; IP; formação de empresa,"Defende combinar investigação e engenharia para transformar ciência em empresas, incluindo através do studio.","Se ainda não há empresa, apresentar IP, equipa e trabalho por fazer na transferência tecnológica.",https://www.empiricalventures.vc/news/nuclear-turbines-raises-15m-pre-seed,Verificado,Alta,Avaliar contexto,Baixa,"Declaração pessoal.  Sugestão de abordagem redigida por nós, não citação. Fonte consultada em 2026-09-09. Lote 2."
HOK0107,INV035,PER0247,Empirical Ventures,Ben Miles,Caso institucional de sourcing,Empirical Ventures backs Proxima Fusion,2026-07-04,Conteúdo; dealflow; deeptech,A entidade diz que a oportunidade Proxima surgiu através da plataforma de divulgação de Ben.,Perguntar que elementos de divulgação técnica atraem founders e investidores certos sem expor propriedade intelectual.,https://www.empiricalventures.vc/news/proxima-fusion-empirical-ventures-backs-europes-leading-fusion-company,Verificado,Alta,Avaliar contexto,Baixa,"Relato institucional sobre a pessoa. A afirmação pertence à entidade; não é uma frase pessoal de Ben. Sugestão de abordagem redigida por nós, não citação. Fonte consultada em 2026-09-09. Lote 2."
HOK0108,INV035,PER0248,Empirical Ventures,Johnathan Matlock,Perfil oficial,Johnathan Matlock — technical due diligence,,Diligência; ciência; risco,"Lidera parte substancial da diligência técnica, apoiado no percurso em química e Ziylo.","Enviar uma hipótese científica falsificável, dados de validação e a incerteza que o próximo ensaio resolve.",https://www.empiricalventures.vc/team,Verificado,Alta,Avaliar contexto,Baixa,"Perfil institucional.  Sugestão de abordagem redigida por nós, não citação. Fonte consultada em 2026-09-09. Lote 2."
