ID_Fonte,URL,Publisher,Tipo_Fonte,Prova_Para,ID_Registo,Data_Verificação,Estado,Notas
SRC00001,https://www.pointnine.com/,www.pointnine.com,Tese / critérios,Investidor,INV001,2026-09-09,Ativa,Fonte pública; verificar novamente antes de outreach.
SRC00002,https://www.pointnine.com/team,www.pointnine.com,Equipa,Investidor,INV001,2026-09-09,Ativa,Fonte pública; verificar novamente antes de outreach.
SRC00003,https://seedcamp.com/faqs/,seedcamp.com,Tese / critérios,Investidor,INV002,2026-09-09,Ativa,Fonte pública; verificar novamente antes de outreach.
SRC00004,https://seedcamp.com/our-team/,seedcamp.com,Equipa,Investidor,INV002,2026-09-09,Ativa,Fonte pública; verificar novamente antes de outreach.
SRC00005,https://www.jme.vc/,www.jme.vc,Tese / critérios,Investidor,INV003,2026-09-09,Ativa,Fonte pública; verificar novamente antes de outreach.
SRC00006,https://www.jme.vc/,www.jme.vc,Equipa,Investidor,INV003,2026-09-09,Ativa,Fonte pública; verificar novamente antes de outreach.
SRC00007,https://www.picuscap.com/philosophy/,www.picuscap.com,Tese / critérios,Investidor,INV004,2026-09-09,Ativa,Fonte pública; verificar novamente antes de outreach.
SRC00008,https://www.picuscap.com/team/,www.picuscap.com,Equipa,Investidor,INV004,2026-09-09,Ativa,Fonte pública; verificar novamente antes de outreach.
SRC00009,https://www.speedinvest.com/how-we-work,www.speedinvest.com,Tese / critérios,Investidor,INV005,2026-09-09,Ativa,Fonte pública; verificar novamente antes de outreach.
SRC00010,https://www.speedinvest.com/team,www.speedinvest.com,Equipa,Investidor,INV005,2026-09-09,Ativa,Fonte pública; verificar novamente antes de outreach.
SRC00011,https://www.indexventures.com/companies/,www.indexventures.com,Tese / critérios,Investidor,INV006,2026-09-09,Ativa,Fonte pública; verificar novamente antes de outreach.
SRC00012,https://www.indexventures.com/team/,www.indexventures.com,Equipa,Investidor,INV006,2026-09-09,Ativa,Fonte pública; verificar novamente antes de outreach.
SRC00013,https://20.atomico.com/,20.atomico.com,Tese / critérios,Investidor,INV007,2026-09-09,Ativa,Fonte pública; verificar novamente antes de outreach.
SRC00014,https://20.atomico.com/,20.atomico.com,Equipa,Investidor,INV007,2026-09-09,Ativa,Fonte pública; verificar novamente antes de outreach.
SRC00015,https://www.balderton.com/about-balderton/,www.balderton.com,Tese / critérios,Investidor,INV008,2026-09-09,Ativa,Fonte pública; verificar novamente antes de outreach.
SRC00016,https://www.balderton.com/team/,www.balderton.com,Equipa,Investidor,INV008,2026-09-09,Ativa,Fonte pública; verificar novamente antes de outreach.
SRC00017,https://cherry.vc/about,cherry.vc,Tese / critérios,Investidor,INV009,2026-09-09,Ativa,Fonte pública; verificar novamente antes de outreach.
SRC00018,https://cherry.vc/team,cherry.vc,Equipa,Investidor,INV009,2026-09-09,Ativa,Fonte pública; verificar novamente antes de outreach.
SRC00019,https://creandum.com/,creandum.com,Tese / critérios,Investidor,INV010,2026-09-09,Ativa,Fonte pública; verificar novamente antes de outreach.
SRC00020,https://creandum.com/team/,creandum.com,Equipa,Investidor,INV010,2026-09-09,Ativa,Fonte pública; verificar novamente antes de outreach.
SRC00021,https://northzone.com/,northzone.com,Tese / critérios,Investidor,INV011,2026-09-09,Ativa,Fonte pública; verificar novamente antes de outreach.
SRC00022,https://northzone.com/team,northzone.com,Equipa,Investidor,INV011,2026-09-09,Ativa,Fonte pública; verificar novamente antes de outreach.
SRC00023,https://www.project-a.com/,www.project-a.com,Tese / critérios,Investidor,INV012,2026-09-09,Ativa,Fonte pública; verificar novamente antes de outreach.
SRC00024,https://www.project-a.com/team/,www.project-a.com,Equipa,Investidor,INV012,2026-09-09,Ativa,Fonte pública; verificar novamente antes de outreach.
SRC00025,https://www.dawncapital.com/content-hub/dawn-raises-700m-to-invest-in-the-next-generation-ofeuropean-b2b-software-winners,www.dawncapital.com,Tese / critérios,Investidor,INV013,2026-09-09,Ativa,Fonte pública; verificar novamente antes de outreach.
SRC00026,https://www.dawncapital.com/team,www.dawncapital.com,Equipa,Investidor,INV013,2026-09-09,Ativa,Fonte pública; verificar novamente antes de outreach.
SRC00027,https://octopusventures.com/,octopusventures.com,Tese / critérios,Investidor,INV014,2026-09-09,Ativa,Fonte pública; verificar novamente antes de outreach.
SRC00028,https://octopusventures.com/,octopusventures.com,Equipa,Investidor,INV014,2026-09-09,Ativa,Fonte pública; verificar novamente antes de outreach.
SRC00029,https://www.notion.vc/resources/notion-capital-on-track-to-becoming-the-go-to-investor-for-cloud-and-saas-entrepreneurs,www.notion.vc,Tese / critérios,Investidor,INV015,2026-09-09,Ativa,Fonte pública; verificar novamente antes de outreach.
SRC00030,https://www.notion.vc/our-team/,www.notion.vc,Equipa,Investidor,INV015,2026-09-09,Ativa,Fonte pública; verificar novamente antes de outreach.
SRC00031,https://www.nautacapital.com/,www.nautacapital.com,Tese / critérios,Investidor,INV016,2026-09-09,Ativa,Fonte pública; verificar novamente antes de outreach.
SRC00032,https://www.nautacapital.com/team,www.nautacapital.com,Equipa,Investidor,INV016,2026-09-09,Ativa,Fonte pública; verificar novamente antes de outreach.
SRC00033,https://www.kfund.vc/post/kfund-tech-due-diligence,www.kfund.vc,Tese / critérios,Investidor,INV017,2026-09-09,Ativa,Fonte pública; verificar novamente antes de outreach.
SRC00034,https://www.kfund.vc/team,www.kfund.vc,Equipa,Investidor,INV017,2026-09-09,Ativa,Fonte pública; verificar novamente antes de outreach.
SRC00035,https://www.samaipata.vc/post/the-founders-q-a,www.samaipata.vc,Tese / critérios,Investidor,INV018,2026-09-09,Ativa,Fonte pública; verificar novamente antes de outreach.
SRC00036,https://www.samaipata.vc/samaipata-team,www.samaipata.vc,Equipa,Investidor,INV018,2026-09-09,Ativa,Fonte pública; verificar novamente antes de outreach.
SRC00037,https://www.portugalventures.pt/,www.portugalventures.pt,Tese / critérios,Investidor,INV019,2026-09-09,Ativa,Fonte pública; verificar novamente antes de outreach.
SRC00038,https://www.portugalventures.pt/en/team/,www.portugalventures.pt,Equipa,Investidor,INV019,2026-09-09,Ativa,Fonte pública; verificar novamente antes de outreach.
SRC00039,https://www.indicocapital.com/about-us,www.indicocapital.com,Tese / critérios,Investidor,INV020,2026-09-09,Ativa,Fonte pública; verificar novamente antes de outreach.
SRC00040,https://www.indicocapital.com/about-us,www.indicocapital.com,Equipa,Investidor,INV020,2026-09-09,Ativa,Fonte pública; verificar novamente antes de outreach.
SRC00041,https://www.shilling.vc/,www.shilling.vc,Tese / critérios,Investidor,INV021,2026-09-09,Ativa,Fonte pública; verificar novamente antes de outreach.
SRC00042,https://www.shilling.vc/team,www.shilling.vc,Equipa,Investidor,INV021,2026-09-09,Ativa,Fonte pública; verificar novamente antes de outreach.
SRC00043,https://www.armilar.com/why-armilar,www.armilar.com,Tese / critérios,Investidor,INV022,2026-09-09,Ativa,Fonte pública; verificar novamente antes de outreach.
SRC00044,https://www.armilar.com/team,www.armilar.com,Equipa,Investidor,INV022,2026-09-09,Ativa,Fonte pública; verificar novamente antes de outreach.
SRC00045,https://hoxtonventures.com/,hoxtonventures.com,Tese / critérios,Investidor,INV023,2026-09-09,Ativa,Fonte pública; verificar novamente antes de outreach.
SRC00046,https://hoxtonventures.com/team/,hoxtonventures.com,Equipa,Investidor,INV023,2026-09-09,Ativa,Fonte pública; verificar novamente antes de outreach.
SRC00047,https://kindredcapital.vc/,kindredcapital.vc,Tese / critérios,Investidor,INV024,2026-09-09,Ativa,Fonte pública; verificar novamente antes de outreach.
SRC00048,https://kindredcapital.vc/,kindredcapital.vc,Equipa,Investidor,INV024,2026-09-09,Ativa,Fonte pública; verificar novamente antes de outreach.
SRC00049,https://www.connectventures.co/,www.connectventures.co,Tese / critérios,Investidor,INV025,2026-09-09,Ativa,Fonte pública; verificar novamente antes de outreach.
SRC00050,https://www.connectventures.co/,www.connectventures.co,Equipa,Investidor,INV025,2026-09-09,Ativa,Fonte pública; verificar novamente antes de outreach.
SRC00051,https://www.heartcore.com/about,www.heartcore.com,Tese / critérios,Investidor,INV026,2026-09-09,Ativa,Fonte pública; verificar novamente antes de outreach.
SRC00052,https://www.heartcore.com/team,www.heartcore.com,Equipa,Investidor,INV026,2026-09-09,Ativa,Fonte pública; verificar novamente antes de outreach.
SRC00053,https://partechpartners.com/funds,partechpartners.com,Tese / critérios,Investidor,INV027,2026-09-09,Ativa,Fonte pública; verificar novamente antes de outreach.
SRC00054,https://partechpartners.com/team,partechpartners.com,Equipa,Investidor,INV027,2026-09-09,Ativa,Fonte pública; verificar novamente antes de outreach.
SRC00055,https://www.pointnine.com/team,www.pointnine.com,Perfil / equipa,Pessoa,PER0001,2026-09-09,Ativa,Fonte pública; verificar novamente antes de outreach.
SRC00056,https://www.pointnine.com/team,www.pointnine.com,Perfil / equipa,Pessoa,PER0002,2026-09-09,Ativa,Fonte pública; verificar novamente antes de outreach.
SRC00057,https://www.pointnine.com/team,www.pointnine.com,Perfil / equipa,Pessoa,PER0003,2026-09-09,Ativa,Fonte pública; verificar novamente antes de outreach.
SRC00058,https://www.pointnine.com/team,www.pointnine.com,Perfil / equipa,Pessoa,PER0004,2026-09-09,Ativa,Fonte pública; verificar novamente antes de outreach.
SRC00059,https://seedcamp.com/people/reshma-sohoni/,seedcamp.com,Perfil / equipa,Pessoa,PER0005,2026-09-09,Ativa,Fonte pública; verificar novamente antes de outreach.
SRC00060,https://seedcamp.com/people/carlos-eduardo-espinal/,seedcamp.com,Perfil / equipa,Pessoa,PER0006,2026-09-09,Ativa,Fonte pública; verificar novamente antes de outreach.
SRC00061,https://seedcamp.com/our-team/,seedcamp.com,Perfil / equipa,Pessoa,PER0007,2026-09-09,Ativa,Fonte pública; verificar novamente antes de outreach.
SRC00062,https://seedcamp.com/our-team/,seedcamp.com,Perfil / equipa,Pessoa,PER0008,2026-09-09,Ativa,Fonte pública; verificar novamente antes de outreach.
SRC00063,https://www.jme.vc/,www.jme.vc,Perfil / equipa,Pessoa,PER0009,2026-09-09,Ativa,Fonte pública; verificar novamente antes de outreach.
SRC00064,https://www.jme.vc/,www.jme.vc,Perfil / equipa,Pessoa,PER0010,2026-09-09,Ativa,Fonte pública; verificar novamente antes de outreach.
SRC00065,https://www.jme.vc/,www.jme.vc,Perfil / equipa,Pessoa,PER0011,2026-09-09,Ativa,Fonte pública; verificar novamente antes de outreach.
SRC00066,https://www.picuscap.com/team/,www.picuscap.com,Perfil / equipa,Pessoa,PER0012,2026-09-09,Ativa,Fonte pública; verificar novamente antes de outreach.
SRC00067,https://www.picuscap.com/team/,www.picuscap.com,Perfil / equipa,Pessoa,PER0013,2026-09-09,Ativa,Fonte pública; verificar novamente antes de outreach.
SRC00068,https://www.picuscap.com/team/,www.picuscap.com,Perfil / equipa,Pessoa,PER0014,2026-09-09,Ativa,Fonte pública; verificar novamente antes de outreach.
SRC00069,https://www.picuscap.com/team/,www.picuscap.com,Perfil / equipa,Pessoa,PER0015,2026-09-09,Ativa,Fonte pública; verificar novamente antes de outreach.
SRC00070,https://www.picuscap.com/team/,www.picuscap.com,Perfil / equipa,Pessoa,PER0016,2026-09-09,Ativa,Fonte pública; verificar novamente antes de outreach.
SRC00071,https://www.picuscap.com/team/,www.picuscap.com,Perfil / equipa,Pessoa,PER0017,2026-09-09,Ativa,Fonte pública; verificar novamente antes de outreach.
SRC00072,https://www.picuscap.com/team/,www.picuscap.com,Perfil / equipa,Pessoa,PER0018,2026-09-09,Ativa,Fonte pública; verificar novamente antes de outreach.
SRC00073,https://www.speedinvest.com/team,www.speedinvest.com,Perfil / equipa,Pessoa,PER0019,2026-09-09,Ativa,Fonte pública; verificar novamente antes de outreach.
SRC00074,https://www.speedinvest.com/team,www.speedinvest.com,Perfil / equipa,Pessoa,PER0020,2026-09-09,Ativa,Fonte pública; verificar novamente antes de outreach.
SRC00075,https://www.speedinvest.com/team,www.speedinvest.com,Perfil / equipa,Pessoa,PER0021,2026-09-09,Ativa,Fonte pública; verificar novamente antes de outreach.
SRC00076,https://www.speedinvest.com/team,www.speedinvest.com,Perfil / equipa,Pessoa,PER0022,2026-09-09,Ativa,Fonte pública; verificar novamente antes de outreach.
SRC00077,https://www.speedinvest.com/team,www.speedinvest.com,Perfil / equipa,Pessoa,PER0023,2026-09-09,Ativa,Fonte pública; verificar novamente antes de outreach.
SRC00078,https://www.speedinvest.com/team,www.speedinvest.com,Perfil / equipa,Pessoa,PER0024,2026-09-09,Ativa,Fonte pública; verificar novamente antes de outreach.
SRC00079,https://www.speedinvest.com/team,www.speedinvest.com,Perfil / equipa,Pessoa,PER0025,2026-09-09,Ativa,Fonte pública; verificar novamente antes de outreach.
SRC00080,https://www.speedinvest.com/team,www.speedinvest.com,Perfil / equipa,Pessoa,PER0026,2026-09-09,Ativa,Fonte pública; verificar novamente antes de outreach.
SRC00081,https://www.speedinvest.com/team,www.speedinvest.com,Perfil / equipa,Pessoa,PER0027,2026-09-09,Ativa,Fonte pública; verificar novamente antes de outreach.
SRC00082,https://www.speedinvest.com/team,www.speedinvest.com,Perfil / equipa,Pessoa,PER0028,2026-09-09,Ativa,Fonte pública; verificar novamente antes de outreach.
SRC00083,https://www.speedinvest.com/team,www.speedinvest.com,Perfil / equipa,Pessoa,PER0029,2026-09-09,Ativa,Fonte pública; verificar novamente antes de outreach.
SRC00084,https://www.speedinvest.com/team,www.speedinvest.com,Perfil / equipa,Pessoa,PER0030,2026-09-09,Ativa,Fonte pública; verificar novamente antes de outreach.
SRC00085,https://www.indexventures.com/team/,www.indexventures.com,Perfil / equipa,Pessoa,PER0031,2026-09-09,Ativa,Fonte pública; verificar novamente antes de outreach.
SRC00086,https://www.indexventures.com/team/,www.indexventures.com,Perfil / equipa,Pessoa,PER0032,2026-09-09,Ativa,Fonte pública; verificar novamente antes de outreach.
SRC00087,https://www.indexventures.com/team/,www.indexventures.com,Perfil / equipa,Pessoa,PER0033,2026-09-09,Ativa,Fonte pública; verificar novamente antes de outreach.
SRC00088,https://www.indexventures.com/team/,www.indexventures.com,Perfil / equipa,Pessoa,PER0034,2026-09-09,Ativa,Fonte pública; verificar novamente antes de outreach.
SRC00089,https://www.indexventures.com/team/,www.indexventures.com,Perfil / equipa,Pessoa,PER0035,2026-09-09,Ativa,Fonte pública; verificar novamente antes de outreach.
SRC00090,https://www.indexventures.com/team/,www.indexventures.com,Perfil / equipa,Pessoa,PER0036,2026-09-09,Ativa,Fonte pública; verificar novamente antes de outreach.
SRC00091,https://www.indexventures.com/team/,www.indexventures.com,Perfil / equipa,Pessoa,PER0037,2026-09-09,Ativa,Fonte pública; verificar novamente antes de outreach.
SRC00092,https://www.indexventures.com/team/,www.indexventures.com,Perfil / equipa,Pessoa,PER0038,2026-09-09,Ativa,Fonte pública; verificar novamente antes de outreach.
SRC00093,https://www.indexventures.com/team/,www.indexventures.com,Perfil / equipa,Pessoa,PER0039,2026-09-09,Ativa,Fonte pública; verificar novamente antes de outreach.
SRC00094,https://www.indexventures.com/team/,www.indexventures.com,Perfil / equipa,Pessoa,PER0040,2026-09-09,Ativa,Fonte pública; verificar novamente antes de outreach.
SRC00095,https://www.indexventures.com/team/,www.indexventures.com,Perfil / equipa,Pessoa,PER0041,2026-09-09,Ativa,Fonte pública; verificar novamente antes de outreach.
SRC00096,https://www.indexventures.com/team/,www.indexventures.com,Perfil / equipa,Pessoa,PER0042,2026-09-09,Ativa,Fonte pública; verificar novamente antes de outreach.
SRC00097,https://20.atomico.com/,20.atomico.com,Perfil / equipa,Pessoa,PER0043,2026-09-09,Ativa,Fonte pública; verificar novamente antes de outreach.
SRC00098,https://20.atomico.com/,20.atomico.com,Perfil / equipa,Pessoa,PER0044,2026-09-09,Ativa,Fonte pública; verificar novamente antes de outreach.
SRC00099,https://20.atomico.com/,20.atomico.com,Perfil / equipa,Pessoa,PER0045,2026-09-09,Ativa,Fonte pública; verificar novamente antes de outreach.
SRC00100,https://20.atomico.com/,20.atomico.com,Perfil / equipa,Pessoa,PER0046,2026-09-09,Ativa,Fonte pública; verificar novamente antes de outreach.
SRC00101,https://20.atomico.com/,20.atomico.com,Perfil / equipa,Pessoa,PER0047,2026-09-09,Ativa,Fonte pública; verificar novamente antes de outreach.
SRC00102,https://20.atomico.com/,20.atomico.com,Perfil / equipa,Pessoa,PER0048,2026-09-09,Ativa,Fonte pública; verificar novamente antes de outreach.
SRC00103,https://www.balderton.com/team/,www.balderton.com,Perfil / equipa,Pessoa,PER0049,2026-09-09,Ativa,Fonte pública; verificar novamente antes de outreach.
SRC00104,https://www.balderton.com/team/,www.balderton.com,Perfil / equipa,Pessoa,PER0050,2026-09-09,Ativa,Fonte pública; verificar novamente antes de outreach.
SRC00105,https://www.balderton.com/team/,www.balderton.com,Perfil / equipa,Pessoa,PER0051,2026-09-09,Ativa,Fonte pública; verificar novamente antes de outreach.
SRC00106,https://www.balderton.com/team/,www.balderton.com,Perfil / equipa,Pessoa,PER0052,2026-09-09,Ativa,Fonte pública; verificar novamente antes de outreach.
SRC00107,https://www.balderton.com/team/,www.balderton.com,Perfil / equipa,Pessoa,PER0053,2026-09-09,Ativa,Fonte pública; verificar novamente antes de outreach.
SRC00108,https://www.balderton.com/team/,www.balderton.com,Perfil / equipa,Pessoa,PER0054,2026-09-09,Ativa,Fonte pública; verificar novamente antes de outreach.
SRC00109,https://www.balderton.com/team/,www.balderton.com,Perfil / equipa,Pessoa,PER0055,2026-09-09,Ativa,Fonte pública; verificar novamente antes de outreach.
SRC00110,https://www.balderton.com/team/,www.balderton.com,Perfil / equipa,Pessoa,PER0056,2026-09-09,Ativa,Fonte pública; verificar novamente antes de outreach.
SRC00111,https://www.balderton.com/team/,www.balderton.com,Perfil / equipa,Pessoa,PER0057,2026-09-09,Ativa,Fonte pública; verificar novamente antes de outreach.
SRC00112,https://www.balderton.com/team/,www.balderton.com,Perfil / equipa,Pessoa,PER0058,2026-09-09,Ativa,Fonte pública; verificar novamente antes de outreach.
SRC00113,https://cherry.vc/about,cherry.vc,Perfil / equipa,Pessoa,PER0059,2026-09-09,Ativa,Fonte pública; verificar novamente antes de outreach.
SRC00114,https://cherry.vc/about,cherry.vc,Perfil / equipa,Pessoa,PER0060,2026-09-09,Ativa,Fonte pública; verificar novamente antes de outreach.
SRC00115,https://cherry.vc/about,cherry.vc,Perfil / equipa,Pessoa,PER0061,2026-09-09,Ativa,Fonte pública; verificar novamente antes de outreach.
SRC00116,https://cherry.vc/about,cherry.vc,Perfil / equipa,Pessoa,PER0062,2026-09-09,Ativa,Fonte pública; verificar novamente antes de outreach.
SRC00117,https://cherry.vc/about,cherry.vc,Perfil / equipa,Pessoa,PER0063,2026-09-09,Ativa,Fonte pública; verificar novamente antes de outreach.
SRC00118,https://cherry.vc/about,cherry.vc,Perfil / equipa,Pessoa,PER0064,2026-09-09,Ativa,Fonte pública; verificar novamente antes de outreach.
SRC00119,https://cherry.vc/about,cherry.vc,Perfil / equipa,Pessoa,PER0065,2026-09-09,Ativa,Fonte pública; verificar novamente antes de outreach.
SRC00120,https://cherry.vc/about,cherry.vc,Perfil / equipa,Pessoa,PER0066,2026-09-09,Ativa,Fonte pública; verificar novamente antes de outreach.
SRC00121,https://cherry.vc/about,cherry.vc,Perfil / equipa,Pessoa,PER0067,2026-09-09,Ativa,Fonte pública; verificar novamente antes de outreach.
SRC00122,https://creandum.com/team/,creandum.com,Perfil / equipa,Pessoa,PER0068,2026-09-09,Ativa,Fonte pública; verificar novamente antes de outreach.
SRC00123,https://creandum.com/team/,creandum.com,Perfil / equipa,Pessoa,PER0069,2026-09-09,Ativa,Fonte pública; verificar novamente antes de outreach.
SRC00124,https://creandum.com/team/,creandum.com,Perfil / equipa,Pessoa,PER0070,2026-09-09,Ativa,Fonte pública; verificar novamente antes de outreach.
SRC00125,https://creandum.com/team/,creandum.com,Perfil / equipa,Pessoa,PER0071,2026-09-09,Ativa,Fonte pública; verificar novamente antes de outreach.
SRC00126,https://creandum.com/team/,creandum.com,Perfil / equipa,Pessoa,PER0072,2026-09-09,Ativa,Fonte pública; verificar novamente antes de outreach.
SRC00127,https://creandum.com/team/,creandum.com,Perfil / equipa,Pessoa,PER0073,2026-09-09,Ativa,Fonte pública; verificar novamente antes de outreach.
SRC00128,https://creandum.com/team/,creandum.com,Perfil / equipa,Pessoa,PER0074,2026-09-09,Ativa,Fonte pública; verificar novamente antes de outreach.
SRC00129,https://creandum.com/team/,creandum.com,Perfil / equipa,Pessoa,PER0075,2026-09-09,Ativa,Fonte pública; verificar novamente antes de outreach.
SRC00130,https://creandum.com/team/,creandum.com,Perfil / equipa,Pessoa,PER0076,2026-09-09,Ativa,Fonte pública; verificar novamente antes de outreach.
SRC00131,https://creandum.com/team/,creandum.com,Perfil / equipa,Pessoa,PER0077,2026-09-09,Ativa,Fonte pública; verificar novamente antes de outreach.
SRC00132,https://creandum.com/team/,creandum.com,Perfil / equipa,Pessoa,PER0078,2026-09-09,Ativa,Fonte pública; verificar novamente antes de outreach.
SRC00133,https://creandum.com/team/,creandum.com,Perfil / equipa,Pessoa,PER0079,2026-09-09,Ativa,Fonte pública; verificar novamente antes de outreach.
SRC00134,https://northzone.com/team,northzone.com,Perfil / equipa,Pessoa,PER0080,2026-09-09,Ativa,Fonte pública; verificar novamente antes de outreach.
SRC00135,https://northzone.com/team,northzone.com,Perfil / equipa,Pessoa,PER0081,2026-09-09,Ativa,Fonte pública; verificar novamente antes de outreach.
SRC00136,https://northzone.com/team,northzone.com,Perfil / equipa,Pessoa,PER0082,2026-09-09,Ativa,Fonte pública; verificar novamente antes de outreach.
SRC00137,https://northzone.com/team,northzone.com,Perfil / equipa,Pessoa,PER0083,2026-09-09,Ativa,Fonte pública; verificar novamente antes de outreach.
SRC00138,https://northzone.com/team,northzone.com,Perfil / equipa,Pessoa,PER0084,2026-09-09,Ativa,Fonte pública; verificar novamente antes de outreach.
SRC00139,https://northzone.com/team,northzone.com,Perfil / equipa,Pessoa,PER0085,2026-09-09,Ativa,Fonte pública; verificar novamente antes de outreach.
SRC00140,https://northzone.com/team,northzone.com,Perfil / equipa,Pessoa,PER0086,2026-09-09,Ativa,Fonte pública; verificar novamente antes de outreach.
SRC00141,https://northzone.com/team,northzone.com,Perfil / equipa,Pessoa,PER0087,2026-09-09,Ativa,Fonte pública; verificar novamente antes de outreach.
SRC00142,https://northzone.com/team,northzone.com,Perfil / equipa,Pessoa,PER0088,2026-09-09,Ativa,Fonte pública; verificar novamente antes de outreach.
SRC00143,https://northzone.com/team,northzone.com,Perfil / equipa,Pessoa,PER0089,2026-09-09,Ativa,Fonte pública; verificar novamente antes de outreach.
SRC00144,https://northzone.com/team,northzone.com,Perfil / equipa,Pessoa,PER0090,2026-09-09,Ativa,Fonte pública; verificar novamente antes de outreach.
SRC00145,https://northzone.com/team,northzone.com,Perfil / equipa,Pessoa,PER0091,2026-09-09,Ativa,Fonte pública; verificar novamente antes de outreach.
SRC00146,https://www.project-a.com/team/,www.project-a.com,Perfil / equipa,Pessoa,PER0092,2026-09-09,Ativa,Fonte pública; verificar novamente antes de outreach.
SRC00147,https://www.project-a.com/team/,www.project-a.com,Perfil / equipa,Pessoa,PER0093,2026-09-09,Ativa,Fonte pública; verificar novamente antes de outreach.
SRC00148,https://www.project-a.com/team/,www.project-a.com,Perfil / equipa,Pessoa,PER0094,2026-09-09,Ativa,Fonte pública; verificar novamente antes de outreach.
SRC00149,https://www.project-a.com/team/,www.project-a.com,Perfil / equipa,Pessoa,PER0095,2026-09-09,Ativa,Fonte pública; verificar novamente antes de outreach.
SRC00150,https://www.project-a.com/team/,www.project-a.com,Perfil / equipa,Pessoa,PER0096,2026-09-09,Ativa,Fonte pública; verificar novamente antes de outreach.
SRC00151,https://www.project-a.com/team/,www.project-a.com,Perfil / equipa,Pessoa,PER0097,2026-09-09,Ativa,Fonte pública; verificar novamente antes de outreach.
SRC00152,https://www.project-a.com/team/,www.project-a.com,Perfil / equipa,Pessoa,PER0098,2026-09-09,Ativa,Fonte pública; verificar novamente antes de outreach.
SRC00153,https://www.project-a.com/team/,www.project-a.com,Perfil / equipa,Pessoa,PER0099,2026-09-09,Ativa,Fonte pública; verificar novamente antes de outreach.
SRC00154,https://www.project-a.com/team/,www.project-a.com,Perfil / equipa,Pessoa,PER0100,2026-09-09,Ativa,Fonte pública; verificar novamente antes de outreach.
SRC00155,https://www.project-a.com/team/,www.project-a.com,Perfil / equipa,Pessoa,PER0101,2026-09-09,Ativa,Fonte pública; verificar novamente antes de outreach.
SRC00156,https://www.dawncapital.com/team,www.dawncapital.com,Perfil / equipa,Pessoa,PER0102,2026-09-09,Ativa,Fonte pública; verificar novamente antes de outreach.
SRC00157,https://www.dawncapital.com/team,www.dawncapital.com,Perfil / equipa,Pessoa,PER0103,2026-09-09,Ativa,Fonte pública; verificar novamente antes de outreach.
SRC00158,https://www.dawncapital.com/team,www.dawncapital.com,Perfil / equipa,Pessoa,PER0104,2026-09-09,Ativa,Fonte pública; verificar novamente antes de outreach.
SRC00159,https://www.dawncapital.com/team,www.dawncapital.com,Perfil / equipa,Pessoa,PER0105,2026-09-09,Ativa,Fonte pública; verificar novamente antes de outreach.
SRC00160,https://www.dawncapital.com/team,www.dawncapital.com,Perfil / equipa,Pessoa,PER0106,2026-09-09,Ativa,Fonte pública; verificar novamente antes de outreach.
SRC00161,https://www.dawncapital.com/team,www.dawncapital.com,Perfil / equipa,Pessoa,PER0107,2026-09-09,Ativa,Fonte pública; verificar novamente antes de outreach.
SRC00162,https://www.dawncapital.com/team,www.dawncapital.com,Perfil / equipa,Pessoa,PER0108,2026-09-09,Ativa,Fonte pública; verificar novamente antes de outreach.
SRC00163,https://www.dawncapital.com/team,www.dawncapital.com,Perfil / equipa,Pessoa,PER0109,2026-09-09,Ativa,Fonte pública; verificar novamente antes de outreach.
SRC00164,https://www.dawncapital.com/team,www.dawncapital.com,Perfil / equipa,Pessoa,PER0110,2026-09-09,Ativa,Fonte pública; verificar novamente antes de outreach.
SRC00165,https://www.dawncapital.com/team,www.dawncapital.com,Perfil / equipa,Pessoa,PER0111,2026-09-09,Ativa,Fonte pública; verificar novamente antes de outreach.
SRC00166,https://octopusventures.com/,octopusventures.com,Perfil / equipa,Pessoa,PER0112,2026-09-09,Ativa,Fonte pública; verificar novamente antes de outreach.
SRC00167,https://octopusventures.com/,octopusventures.com,Perfil / equipa,Pessoa,PER0113,2026-09-09,Ativa,Fonte pública; verificar novamente antes de outreach.
SRC00168,https://octopusventures.com/,octopusventures.com,Perfil / equipa,Pessoa,PER0114,2026-09-09,Ativa,Fonte pública; verificar novamente antes de outreach.
SRC00169,https://octopusventures.com/,octopusventures.com,Perfil / equipa,Pessoa,PER0115,2026-09-09,Ativa,Fonte pública; verificar novamente antes de outreach.
SRC00170,https://octopusventures.com/,octopusventures.com,Perfil / equipa,Pessoa,PER0116,2026-09-09,Ativa,Fonte pública; verificar novamente antes de outreach.
SRC00171,https://octopusventures.com/,octopusventures.com,Perfil / equipa,Pessoa,PER0117,2026-09-09,Ativa,Fonte pública; verificar novamente antes de outreach.
SRC00172,https://octopusventures.com/,octopusventures.com,Perfil / equipa,Pessoa,PER0118,2026-09-09,Ativa,Fonte pública; verificar novamente antes de outreach.
SRC00173,https://octopusventures.com/,octopusventures.com,Perfil / equipa,Pessoa,PER0119,2026-09-09,Ativa,Fonte pública; verificar novamente antes de outreach.
SRC00174,https://www.notion.vc/library,www.notion.vc,Perfil / equipa,Pessoa,PER0120,2026-09-09,Ativa,Fonte pública; verificar novamente antes de outreach.
SRC00175,https://www.notion.vc/library,www.notion.vc,Perfil / equipa,Pessoa,PER0121,2026-09-09,Ativa,Fonte pública; verificar novamente antes de outreach.
SRC00176,https://www.notion.vc/library,www.notion.vc,Perfil / equipa,Pessoa,PER0122,2026-09-09,Ativa,Fonte pública; verificar novamente antes de outreach.
SRC00177,https://www.notion.vc/library,www.notion.vc,Perfil / equipa,Pessoa,PER0123,2026-09-09,Ativa,Fonte pública; verificar novamente antes de outreach.
SRC00178,https://www.notion.vc/library,www.notion.vc,Perfil / equipa,Pessoa,PER0124,2026-09-09,Ativa,Fonte pública; verificar novamente antes de outreach.
SRC00179,https://www.notion.vc/library,www.notion.vc,Perfil / equipa,Pessoa,PER0125,2026-09-09,Ativa,Fonte pública; verificar novamente antes de outreach.
SRC00180,https://www.nautacapital.com/team,www.nautacapital.com,Perfil / equipa,Pessoa,PER0126,2026-09-09,Ativa,Fonte pública; verificar novamente antes de outreach.
SRC00181,https://www.nautacapital.com/team,www.nautacapital.com,Perfil / equipa,Pessoa,PER0127,2026-09-09,Ativa,Fonte pública; verificar novamente antes de outreach.
SRC00182,https://www.nautacapital.com/team,www.nautacapital.com,Perfil / equipa,Pessoa,PER0128,2026-09-09,Ativa,Fonte pública; verificar novamente antes de outreach.
SRC00183,https://www.nautacapital.com/team,www.nautacapital.com,Perfil / equipa,Pessoa,PER0129,2026-09-09,Ativa,Fonte pública; verificar novamente antes de outreach.
SRC00184,https://www.nautacapital.com/team,www.nautacapital.com,Perfil / equipa,Pessoa,PER0130,2026-09-09,Ativa,Fonte pública; verificar novamente antes de outreach.
SRC00185,https://www.nautacapital.com/team,www.nautacapital.com,Perfil / equipa,Pessoa,PER0131,2026-09-09,Ativa,Fonte pública; verificar novamente antes de outreach.
SRC00186,https://www.nautacapital.com/team,www.nautacapital.com,Perfil / equipa,Pessoa,PER0132,2026-09-09,Ativa,Fonte pública; verificar novamente antes de outreach.
SRC00187,https://www.nautacapital.com/team,www.nautacapital.com,Perfil / equipa,Pessoa,PER0133,2026-09-09,Ativa,Fonte pública; verificar novamente antes de outreach.
SRC00188,https://www.nautacapital.com/team,www.nautacapital.com,Perfil / equipa,Pessoa,PER0134,2026-09-09,Ativa,Fonte pública; verificar novamente antes de outreach.
SRC00189,https://www.kfund.vc/team,www.kfund.vc,Perfil / equipa,Pessoa,PER0135,2026-09-09,Ativa,Fonte pública; verificar novamente antes de outreach.
SRC00190,https://www.kfund.vc/team,www.kfund.vc,Perfil / equipa,Pessoa,PER0136,2026-09-09,Ativa,Fonte pública; verificar novamente antes de outreach.
SRC00191,https://www.kfund.vc/team,www.kfund.vc,Perfil / equipa,Pessoa,PER0137,2026-09-09,Ativa,Fonte pública; verificar novamente antes de outreach.
SRC00192,https://www.kfund.vc/team,www.kfund.vc,Perfil / equipa,Pessoa,PER0138,2026-09-09,Ativa,Fonte pública; verificar novamente antes de outreach.
SRC00193,https://www.kfund.vc/team,www.kfund.vc,Perfil / equipa,Pessoa,PER0139,2026-09-09,Ativa,Fonte pública; verificar novamente antes de outreach.
SRC00194,https://www.kfund.vc/team,www.kfund.vc,Perfil / equipa,Pessoa,PER0140,2026-09-09,Ativa,Fonte pública; verificar novamente antes de outreach.
SRC00195,https://www.kfund.vc/team,www.kfund.vc,Perfil / equipa,Pessoa,PER0141,2026-09-09,Ativa,Fonte pública; verificar novamente antes de outreach.
SRC00196,https://www.kfund.vc/team,www.kfund.vc,Perfil / equipa,Pessoa,PER0142,2026-09-09,Ativa,Fonte pública; verificar novamente antes de outreach.
SRC00197,https://www.samaipata.vc/post/the-founders-q-a,www.samaipata.vc,Perfil / equipa,Pessoa,PER0143,2026-09-09,Ativa,Fonte pública; verificar novamente antes de outreach.
SRC00198,https://www.samaipata.vc/post/the-founders-q-a,www.samaipata.vc,Perfil / equipa,Pessoa,PER0144,2026-09-09,Ativa,Fonte pública; verificar novamente antes de outreach.
SRC00199,https://www.samaipata.vc/post/the-founders-q-a,www.samaipata.vc,Perfil / equipa,Pessoa,PER0145,2026-09-09,Ativa,Fonte pública; verificar novamente antes de outreach.
SRC00200,https://www.samaipata.vc/post/the-founders-q-a,www.samaipata.vc,Perfil / equipa,Pessoa,PER0146,2026-09-09,Ativa,Fonte pública; verificar novamente antes de outreach.
SRC00201,https://www.samaipata.vc/post/the-founders-q-a,www.samaipata.vc,Perfil / equipa,Pessoa,PER0147,2026-09-09,Ativa,Fonte pública; verificar novamente antes de outreach.
SRC00202,https://www.samaipata.vc/post/the-founders-q-a,www.samaipata.vc,Perfil / equipa,Pessoa,PER0148,2026-09-09,Ativa,Fonte pública; verificar novamente antes de outreach.
SRC00203,https://www.samaipata.vc/post/the-founders-q-a,www.samaipata.vc,Perfil / equipa,Pessoa,PER0149,2026-09-09,Ativa,Fonte pública; verificar novamente antes de outreach.
SRC00204,https://www.samaipata.vc/post/the-founders-q-a,www.samaipata.vc,Perfil / equipa,Pessoa,PER0150,2026-09-09,Ativa,Fonte pública; verificar novamente antes de outreach.
SRC00205,https://www.portugalventures.pt/en/news/new-leadership-for-the-2025-2027-triennium/,www.portugalventures.pt,Perfil / equipa,Pessoa,PER0151,2026-09-09,Ativa,Fonte pública; verificar novamente antes de outreach.
SRC00206,https://www.portugalventures.pt/en/news/new-leadership-for-the-2025-2027-triennium/,www.portugalventures.pt,Perfil / equipa,Pessoa,PER0152,2026-09-09,Ativa,Fonte pública; verificar novamente antes de outreach.
SRC00207,https://www.portugalventures.pt/en/news/new-leadership-for-the-2025-2027-triennium/,www.portugalventures.pt,Perfil / equipa,Pessoa,PER0153,2026-09-09,Ativa,Fonte pública; verificar novamente antes de outreach.
SRC00208,https://www.portugalventures.pt/en/member/miguel-barbosa/,www.portugalventures.pt,Perfil / equipa,Pessoa,PER0154,2026-09-09,Ativa,Fonte pública; verificar novamente antes de outreach.
SRC00209,https://www.portugalventures.pt/en/portfolio/outgoing/,www.portugalventures.pt,Perfil / equipa,Pessoa,PER0155,2026-09-09,Ativa,Fonte pública; verificar novamente antes de outreach.
SRC00210,https://www.indicocapital.com/about-us,www.indicocapital.com,Perfil / equipa,Pessoa,PER0156,2026-09-09,Ativa,Fonte pública; verificar novamente antes de outreach.
SRC00211,https://www.indicocapital.com/about-us,www.indicocapital.com,Perfil / equipa,Pessoa,PER0157,2026-09-09,Ativa,Fonte pública; verificar novamente antes de outreach.
SRC00212,https://www.indicocapital.com/about-us,www.indicocapital.com,Perfil / equipa,Pessoa,PER0158,2026-09-09,Ativa,Fonte pública; verificar novamente antes de outreach.
SRC00213,https://www.indicocapital.com/about-us,www.indicocapital.com,Perfil / equipa,Pessoa,PER0159,2026-09-09,Ativa,Fonte pública; verificar novamente antes de outreach.
SRC00214,https://www.indicocapital.com/about-us,www.indicocapital.com,Perfil / equipa,Pessoa,PER0160,2026-09-09,Ativa,Fonte pública; verificar novamente antes de outreach.
SRC00215,https://www.indicocapital.com/about-us,www.indicocapital.com,Perfil / equipa,Pessoa,PER0161,2026-09-09,Ativa,Fonte pública; verificar novamente antes de outreach.
SRC00216,https://www.indicocapital.com/about-us,www.indicocapital.com,Perfil / equipa,Pessoa,PER0162,2026-09-09,Ativa,Fonte pública; verificar novamente antes de outreach.
SRC00217,https://www.indicocapital.com/about-us,www.indicocapital.com,Perfil / equipa,Pessoa,PER0163,2026-09-09,Ativa,Fonte pública; verificar novamente antes de outreach.
SRC00218,https://www.shilling.vc/team,www.shilling.vc,Perfil / equipa,Pessoa,PER0164,2026-09-09,Ativa,Fonte pública; verificar novamente antes de outreach.
SRC00219,https://www.shilling.vc/team,www.shilling.vc,Perfil / equipa,Pessoa,PER0165,2026-09-09,Ativa,Fonte pública; verificar novamente antes de outreach.
SRC00220,https://www.shilling.vc/team,www.shilling.vc,Perfil / equipa,Pessoa,PER0166,2026-09-09,Ativa,Fonte pública; verificar novamente antes de outreach.
SRC00221,https://www.shilling.vc/team,www.shilling.vc,Perfil / equipa,Pessoa,PER0167,2026-09-09,Ativa,Fonte pública; verificar novamente antes de outreach.
SRC00222,https://www.shilling.vc/team,www.shilling.vc,Perfil / equipa,Pessoa,PER0168,2026-09-09,Ativa,Fonte pública; verificar novamente antes de outreach.
SRC00223,https://www.shilling.vc/team,www.shilling.vc,Perfil / equipa,Pessoa,PER0169,2026-09-09,Ativa,Fonte pública; verificar novamente antes de outreach.
SRC00224,https://www.shilling.vc/team,www.shilling.vc,Perfil / equipa,Pessoa,PER0170,2026-09-09,Ativa,Fonte pública; verificar novamente antes de outreach.
SRC00225,https://www.shilling.vc/team,www.shilling.vc,Perfil / equipa,Pessoa,PER0171,2026-09-09,Ativa,Fonte pública; verificar novamente antes de outreach.
SRC00226,https://www.shilling.vc/team,www.shilling.vc,Perfil / equipa,Pessoa,PER0172,2026-09-09,Ativa,Fonte pública; verificar novamente antes de outreach.
SRC00227,https://www.shilling.vc/team,www.shilling.vc,Perfil / equipa,Pessoa,PER0173,2026-09-09,Ativa,Fonte pública; verificar novamente antes de outreach.
SRC00228,https://www.shilling.vc/team,www.shilling.vc,Perfil / equipa,Pessoa,PER0174,2026-09-09,Ativa,Fonte pública; verificar novamente antes de outreach.
SRC00229,https://www.shilling.vc/team,www.shilling.vc,Perfil / equipa,Pessoa,PER0175,2026-09-09,Ativa,Fonte pública; verificar novamente antes de outreach.
SRC00230,https://www.armilar.com/why-armilar,www.armilar.com,Perfil / equipa,Pessoa,PER0176,2026-09-09,Ativa,Fonte pública; verificar novamente antes de outreach.
SRC00231,https://www.armilar.com/why-armilar,www.armilar.com,Perfil / equipa,Pessoa,PER0177,2026-09-09,Ativa,Fonte pública; verificar novamente antes de outreach.
SRC00232,https://www.armilar.com/why-armilar,www.armilar.com,Perfil / equipa,Pessoa,PER0178,2026-09-09,Ativa,Fonte pública; verificar novamente antes de outreach.
SRC00233,https://www.armilar.com/why-armilar,www.armilar.com,Perfil / equipa,Pessoa,PER0179,2026-09-09,Ativa,Fonte pública; verificar novamente antes de outreach.
SRC00234,https://www.armilar.com/why-armilar,www.armilar.com,Perfil / equipa,Pessoa,PER0180,2026-09-09,Ativa,Fonte pública; verificar novamente antes de outreach.
SRC00235,https://www.armilar.com/why-armilar,www.armilar.com,Perfil / equipa,Pessoa,PER0181,2026-09-09,Ativa,Fonte pública; verificar novamente antes de outreach.
SRC00236,https://www.armilar.com/why-armilar,www.armilar.com,Perfil / equipa,Pessoa,PER0182,2026-09-09,Ativa,Fonte pública; verificar novamente antes de outreach.
SRC00237,https://www.armilar.com/why-armilar,www.armilar.com,Perfil / equipa,Pessoa,PER0183,2026-09-09,Ativa,Fonte pública; verificar novamente antes de outreach.
SRC00238,https://www.armilar.com/why-armilar,www.armilar.com,Perfil / equipa,Pessoa,PER0184,2026-09-09,Ativa,Fonte pública; verificar novamente antes de outreach.
SRC00239,https://www.armilar.com/why-armilar,www.armilar.com,Perfil / equipa,Pessoa,PER0185,2026-09-09,Ativa,Fonte pública; verificar novamente antes de outreach.
SRC00240,https://hoxtonventures.com/team/,hoxtonventures.com,Perfil / equipa,Pessoa,PER0186,2026-09-09,Ativa,Fonte pública; verificar novamente antes de outreach.
SRC00241,https://hoxtonventures.com/team/,hoxtonventures.com,Perfil / equipa,Pessoa,PER0187,2026-09-09,Ativa,Fonte pública; verificar novamente antes de outreach.
SRC00242,https://hoxtonventures.com/team/,hoxtonventures.com,Perfil / equipa,Pessoa,PER0188,2026-09-09,Ativa,Fonte pública; verificar novamente antes de outreach.
SRC00243,https://hoxtonventures.com/team/,hoxtonventures.com,Perfil / equipa,Pessoa,PER0189,2026-09-09,Ativa,Fonte pública; verificar novamente antes de outreach.
SRC00244,https://kindredcapital.vc/,kindredcapital.vc,Perfil / equipa,Pessoa,PER0190,2026-09-09,Ativa,Fonte pública; verificar novamente antes de outreach.
SRC00245,https://kindredcapital.vc/,kindredcapital.vc,Perfil / equipa,Pessoa,PER0191,2026-09-09,Ativa,Fonte pública; verificar novamente antes de outreach.
SRC00246,https://kindredcapital.vc/,kindredcapital.vc,Perfil / equipa,Pessoa,PER0192,2026-09-09,Ativa,Fonte pública; verificar novamente antes de outreach.
SRC00247,https://kindredcapital.vc/,kindredcapital.vc,Perfil / equipa,Pessoa,PER0193,2026-09-09,Ativa,Fonte pública; verificar novamente antes de outreach.
SRC00248,https://kindredcapital.vc/,kindredcapital.vc,Perfil / equipa,Pessoa,PER0194,2026-09-09,Ativa,Fonte pública; verificar novamente antes de outreach.
SRC00249,https://kindredcapital.vc/,kindredcapital.vc,Perfil / equipa,Pessoa,PER0195,2026-09-09,Ativa,Fonte pública; verificar novamente antes de outreach.
SRC00250,https://kindredcapital.vc/,kindredcapital.vc,Perfil / equipa,Pessoa,PER0196,2026-09-09,Ativa,Fonte pública; verificar novamente antes de outreach.
SRC00251,https://kindredcapital.vc/,kindredcapital.vc,Perfil / equipa,Pessoa,PER0197,2026-09-09,Ativa,Fonte pública; verificar novamente antes de outreach.
SRC00252,https://www.connectventures.co/,www.connectventures.co,Perfil / equipa,Pessoa,PER0198,2026-09-09,Ativa,Fonte pública; verificar novamente antes de outreach.
SRC00253,https://www.connectventures.co/,www.connectventures.co,Perfil / equipa,Pessoa,PER0199,2026-09-09,Ativa,Fonte pública; verificar novamente antes de outreach.
SRC00254,https://www.connectventures.co/,www.connectventures.co,Perfil / equipa,Pessoa,PER0200,2026-09-09,Ativa,Fonte pública; verificar novamente antes de outreach.
SRC00255,https://www.heartcore.com/about,www.heartcore.com,Perfil / equipa,Pessoa,PER0201,2026-09-09,Ativa,Fonte pública; verificar novamente antes de outreach.
SRC00256,https://www.heartcore.com/about,www.heartcore.com,Perfil / equipa,Pessoa,PER0202,2026-09-09,Ativa,Fonte pública; verificar novamente antes de outreach.
SRC00257,https://www.heartcore.com/about,www.heartcore.com,Perfil / equipa,Pessoa,PER0203,2026-09-09,Ativa,Fonte pública; verificar novamente antes de outreach.
SRC00258,https://www.heartcore.com/about,www.heartcore.com,Perfil / equipa,Pessoa,PER0204,2026-09-09,Ativa,Fonte pública; verificar novamente antes de outreach.
SRC00259,https://www.heartcore.com/about,www.heartcore.com,Perfil / equipa,Pessoa,PER0205,2026-09-09,Ativa,Fonte pública; verificar novamente antes de outreach.
SRC00260,https://www.heartcore.com/about,www.heartcore.com,Perfil / equipa,Pessoa,PER0206,2026-09-09,Ativa,Fonte pública; verificar novamente antes de outreach.
SRC00261,https://www.heartcore.com/about,www.heartcore.com,Perfil / equipa,Pessoa,PER0207,2026-09-09,Ativa,Fonte pública; verificar novamente antes de outreach.
SRC00262,https://www.heartcore.com/about,www.heartcore.com,Perfil / equipa,Pessoa,PER0208,2026-09-09,Ativa,Fonte pública; verificar novamente antes de outreach.
SRC00263,https://partechpartners.com/funds,partechpartners.com,Perfil / equipa,Pessoa,PER0209,2026-09-09,Ativa,Fonte pública; verificar novamente antes de outreach.
SRC00264,https://partechpartners.com/funds,partechpartners.com,Perfil / equipa,Pessoa,PER0210,2026-09-09,Ativa,Fonte pública; verificar novamente antes de outreach.
SRC00265,https://partechpartners.com/funds,partechpartners.com,Perfil / equipa,Pessoa,PER0211,2026-09-09,Ativa,Fonte pública; verificar novamente antes de outreach.
SRC00266,https://partechpartners.com/funds,partechpartners.com,Perfil / equipa,Pessoa,PER0212,2026-09-09,Ativa,Fonte pública; verificar novamente antes de outreach.
SRC00267,https://partechpartners.com/funds,partechpartners.com,Perfil / equipa,Pessoa,PER0213,2026-09-09,Ativa,Fonte pública; verificar novamente antes de outreach.
SRC00268,https://partechpartners.com/funds,partechpartners.com,Perfil / equipa,Pessoa,PER0214,2026-09-09,Ativa,Fonte pública; verificar novamente antes de outreach.
SRC00269,https://partechpartners.com/funds,partechpartners.com,Perfil / equipa,Pessoa,PER0215,2026-09-09,Ativa,Fonte pública; verificar novamente antes de outreach.
SRC00270,https://writing.pointnine.com/p/the-p9-guide-to-cohort-analysis-in,writing.pointnine.com,Artigo,Conteúdo / hook,HOK0001,2026-09-09,Ativa,Fonte pública; verificar novamente antes de outreach.
SRC00271,https://writing.pointnine.com/p/will-ai-accelerate-vertical-saas,writing.pointnine.com,Artigo,Conteúdo / hook,HOK0002,2026-09-09,Ativa,Fonte pública; verificar novamente antes de outreach.
SRC00272,https://seedcamp.com/people/carlos-eduardo-espinal/,seedcamp.com,Livro / Podcast,Conteúdo / hook,HOK0003,2026-09-09,Ativa,Fonte pública; verificar novamente antes de outreach.
SRC00273,https://seedcamp.com/people/reshma-sohoni/,seedcamp.com,Perfil / entrevista,Conteúdo / hook,HOK0004,2026-09-09,Ativa,Fonte pública; verificar novamente antes de outreach.
SRC00274,https://www.speedinvest.com/knowledge/the-speedinvest-saas-infra-team-introducing-our-thesis,www.speedinvest.com,Artigo,Conteúdo / hook,HOK0005,2026-09-09,Ativa,Fonte pública; verificar novamente antes de outreach.
SRC00275,https://www.speedinvest.com/knowledge/the-speedinvest-saas-infra-team-introducing-our-thesis,www.speedinvest.com,Artigo,Conteúdo / hook,HOK0006,2026-09-09,Ativa,Fonte pública; verificar novamente antes de outreach.
SRC00276,https://www.speedinvest.com/knowledge/the-speedinvest-saas-infra-team-introducing-our-thesis,www.speedinvest.com,Artigo,Conteúdo / hook,HOK0007,2026-09-09,Ativa,Fonte pública; verificar novamente antes de outreach.
SRC00277,https://www.speedinvest.com/team-members/marie-helene-ametsreiter,www.speedinvest.com,Perfil / artigo,Conteúdo / hook,HOK0008,2026-09-09,Ativa,Fonte pública; verificar novamente antes de outreach.
SRC00278,https://www.indexventures.com/team/shardul-shah/,www.indexventures.com,Perfil / entrevista,Conteúdo / hook,HOK0009,2026-09-09,Ativa,Fonte pública; verificar novamente antes de outreach.
SRC00279,https://20.atomico.com/,20.atomico.com,Perfil / reflexão,Conteúdo / hook,HOK0010,2026-09-09,Ativa,Fonte pública; verificar novamente antes de outreach.
SRC00280,https://20.atomico.com/,20.atomico.com,Reflexão institucional,Conteúdo / hook,HOK0011,2026-09-09,Ativa,Fonte pública; verificar novamente antes de outreach.
SRC00281,https://www.balderton.com/team/daniel-waterhouse/,www.balderton.com,Perfil,Conteúdo / hook,HOK0012,2026-09-09,Ativa,Fonte pública; verificar novamente antes de outreach.
SRC00282,https://www.balderton.com/team/rob-moffat/,www.balderton.com,Perfil,Conteúdo / hook,HOK0013,2026-09-09,Ativa,Fonte pública; verificar novamente antes de outreach.
SRC00283,https://cherry.vc/team/sophia-bendz,cherry.vc,Perfil,Conteúdo / hook,HOK0014,2026-09-09,Ativa,Fonte pública; verificar novamente antes de outreach.
SRC00284,https://creandum.com/team/staffan-helgesson/,creandum.com,Perfil / entrevistas,Conteúdo / hook,HOK0015,2026-09-09,Ativa,Fonte pública; verificar novamente antes de outreach.
SRC00285,https://creandum.com/team/carl-fritjofsson/,creandum.com,Perfil / podcast,Conteúdo / hook,HOK0016,2026-09-09,Ativa,Fonte pública; verificar novamente antes de outreach.
SRC00286,https://creandum.com/team/jakob-stein/,creandum.com,Perfil,Conteúdo / hook,HOK0017,2026-09-09,Ativa,Fonte pública; verificar novamente antes de outreach.
SRC00287,https://creandum.com/team/richard-keuntje/,creandum.com,Perfil,Conteúdo / hook,HOK0018,2026-09-09,Ativa,Fonte pública; verificar novamente antes de outreach.
SRC00288,https://creandum.com/team/maria-raga/,creandum.com,Perfil,Conteúdo / hook,HOK0019,2026-09-09,Ativa,Fonte pública; verificar novamente antes de outreach.
SRC00289,https://northzone.com/team/par-jorgen-parson?f411be3b_page=1,northzone.com,Perfil,Conteúdo / hook,HOK0020,2026-09-09,Ativa,Fonte pública; verificar novamente antes de outreach.
SRC00290,https://northzone.com/insights/hypothesis-led-investing-how-we-institutionalised-gut-driven-investing-and-our-learnings-from-spring-healths-investment-memo,northzone.com,Artigo,Conteúdo / hook,HOK0021,2026-09-09,Ativa,Fonte pública; verificar novamente antes de outreach.
SRC00291,https://northzone.com/team/sanjot-malhi,northzone.com,Perfil,Conteúdo / hook,HOK0022,2026-09-09,Ativa,Fonte pública; verificar novamente antes de outreach.
SRC00292,https://www.project-a.com/team/philipp-werner/,www.project-a.com,Perfil,Conteúdo / hook,HOK0023,2026-09-09,Ativa,Fonte pública; verificar novamente antes de outreach.
SRC00293,https://insights.project-a.com/from-early-conviction-to-category-leader/,insights.project-a.com,Artigo,Conteúdo / hook,HOK0024,2026-09-09,Ativa,Fonte pública; verificar novamente antes de outreach.
SRC00294,https://www.project-a.com/team/florian-heinemann,www.project-a.com,Perfil,Conteúdo / hook,HOK0025,2026-09-09,Ativa,Fonte pública; verificar novamente antes de outreach.
SRC00295,https://www.project-a.com/team/uwe-horstmann/,www.project-a.com,Perfil,Conteúdo / hook,HOK0026,2026-09-09,Ativa,Fonte pública; verificar novamente antes de outreach.
SRC00296,https://www.project-a.com/team/malin-posern,www.project-a.com,Perfil,Conteúdo / hook,HOK0027,2026-09-09,Ativa,Fonte pública; verificar novamente antes de outreach.
SRC00297,https://www.dawncapital.com/team/josh-bell,www.dawncapital.com,Perfil / entrevista,Conteúdo / hook,HOK0028,2026-09-09,Ativa,Fonte pública; verificar novamente antes de outreach.
SRC00298,https://www.dawncapital.com/team/norman-fiore,www.dawncapital.com,Perfil / artigos,Conteúdo / hook,HOK0029,2026-09-09,Ativa,Fonte pública; verificar novamente antes de outreach.
SRC00299,https://dawncapital.com/author/norman/,dawncapital.com,Artigo,Conteúdo / hook,HOK0030,2026-09-09,Ativa,Fonte pública; verificar novamente antes de outreach.
SRC00300,https://www.dawncapital.com/team/evgenia-plotnikova,www.dawncapital.com,Perfil,Conteúdo / hook,HOK0031,2026-09-09,Ativa,Fonte pública; verificar novamente antes de outreach.
SRC00301,https://www.dawncapital.com/team/shamillah-bankiya,www.dawncapital.com,Perfil,Conteúdo / hook,HOK0032,2026-09-09,Ativa,Fonte pública; verificar novamente antes de outreach.
SRC00302,https://www.dawncapital.com/team/dan-chaplin,www.dawncapital.com,Perfil,Conteúdo / hook,HOK0033,2026-09-09,Ativa,Fonte pública; verificar novamente antes de outreach.
SRC00303,https://octopusventures.com/team/b2b-software/paul-davidson/,octopusventures.com,Perfil,Conteúdo / hook,HOK0034,2026-09-09,Ativa,Fonte pública; verificar novamente antes de outreach.
SRC00304,https://octopusventures.com/team/health/will-gibbs/,octopusventures.com,Perfil,Conteúdo / hook,HOK0035,2026-09-09,Ativa,Fonte pública; verificar novamente antes de outreach.
SRC00305,https://octopusventures.com/team/fintech/tosin-agbabiaka/,octopusventures.com,Perfil / artigos,Conteúdo / hook,HOK0036,2026-09-09,Ativa,Fonte pública; verificar novamente antes de outreach.
SRC00306,https://octopusventures.com/team/fintech/santiago-fernandez/,octopusventures.com,Perfil,Conteúdo / hook,HOK0037,2026-09-09,Ativa,Fonte pública; verificar novamente antes de outreach.
SRC00307,https://octopusventures.com/team/fintech/theo-xydas/,octopusventures.com,Perfil,Conteúdo / hook,HOK0038,2026-09-09,Ativa,Fonte pública; verificar novamente antes de outreach.
SRC00308,https://www.notion.vc/resources/new-frontiers-reflections-from-the-notion-capital-founder-retreat-2025,www.notion.vc,Artigo / retreat,Conteúdo / hook,HOK0039,2026-09-09,Ativa,Fonte pública; verificar novamente antes de outreach.
SRC00309,https://www.notion.vc/resources/why-we-invested-in-tern,www.notion.vc,Artigo,Conteúdo / hook,HOK0040,2026-09-09,Ativa,Fonte pública; verificar novamente antes de outreach.
SRC00310,https://www.notion.vc/resources/why-we-invested-in-upciti,www.notion.vc,Artigo,Conteúdo / hook,HOK0041,2026-09-09,Ativa,Fonte pública; verificar novamente antes de outreach.
SRC00311,https://www.notion.vc/resources/why-notion-capital-invested-in-quantum-systems,www.notion.vc,Artigo,Conteúdo / hook,HOK0042,2026-09-09,Ativa,Fonte pública; verificar novamente antes de outreach.
SRC00312,https://www.nautacapital.com/team,www.nautacapital.com,Perfil,Conteúdo / hook,HOK0043,2026-09-09,Ativa,Fonte pública; verificar novamente antes de outreach.
SRC00313,https://www.nautacapital.com/team,www.nautacapital.com,Perfil,Conteúdo / hook,HOK0044,2026-09-09,Ativa,Fonte pública; verificar novamente antes de outreach.
SRC00314,https://www.nautacapital.com/team,www.nautacapital.com,Perfil,Conteúdo / hook,HOK0045,2026-09-09,Ativa,Fonte pública; verificar novamente antes de outreach.
SRC00315,https://www.nautacapital.com/team,www.nautacapital.com,Perfil,Conteúdo / hook,HOK0046,2026-09-09,Ativa,Fonte pública; verificar novamente antes de outreach.
SRC00316,https://www.nautacapital.com/team,www.nautacapital.com,Perfil,Conteúdo / hook,HOK0047,2026-09-09,Ativa,Fonte pública; verificar novamente antes de outreach.
SRC00317,https://www.kfund.vc/team,www.kfund.vc,Perfil,Conteúdo / hook,HOK0048,2026-09-09,Ativa,Fonte pública; verificar novamente antes de outreach.
SRC00318,https://www.kfund.vc/team,www.kfund.vc,Perfil / podcast,Conteúdo / hook,HOK0049,2026-09-09,Ativa,Fonte pública; verificar novamente antes de outreach.
SRC00319,https://www.kfund.vc/team,www.kfund.vc,Perfil,Conteúdo / hook,HOK0050,2026-09-09,Ativa,Fonte pública; verificar novamente antes de outreach.
SRC00320,https://www.kfund.vc/post/podkast-173-la-evolucion-de-k-de-pre-seed-seed-en-espana-a-series-a-en-sur-de-europa-y-latam,www.kfund.vc,Artigo / podcast,Conteúdo / hook,HOK0051,2026-09-09,Ativa,Fonte pública; verificar novamente antes de outreach.
SRC00321,https://www.kfund.vc/post/kfund-tech-due-diligence,www.kfund.vc,Artigo,Conteúdo / hook,HOK0052,2026-09-09,Ativa,Fonte pública; verificar novamente antes de outreach.
SRC00322,https://www.samaipata.vc/post/the-founders-q-a,www.samaipata.vc,Q&A / tese,Conteúdo / hook,HOK0053,2026-09-09,Ativa,Fonte pública; verificar novamente antes de outreach.
SRC00323,https://www.samaipata.vc/samaipata-team,www.samaipata.vc,Perfil,Conteúdo / hook,HOK0054,2026-09-09,Ativa,Fonte pública; verificar novamente antes de outreach.
SRC00324,https://www.portugalventures.pt/en/member/miguel-barbosa/,www.portugalventures.pt,Perfil,Conteúdo / hook,HOK0055,2026-09-09,Ativa,Fonte pública; verificar novamente antes de outreach.
SRC00325,https://www.indicocapital.com/about-us,www.indicocapital.com,Perfil,Conteúdo / hook,HOK0056,2026-09-09,Ativa,Fonte pública; verificar novamente antes de outreach.
SRC00326,https://www.indicocapital.com/about-us,www.indicocapital.com,Perfil / entrevista,Conteúdo / hook,HOK0057,2026-09-09,Ativa,Fonte pública; verificar novamente antes de outreach.
SRC00327,https://www.armilar.com/articles/armilar-announces-first-closing-of-fund-iv-with-eu120m-to-invest-in-disruptive-technologies-across-iberia-and-europe,www.armilar.com,Artigo,Conteúdo / hook,HOK0058,2026-09-09,Ativa,Fonte pública; verificar novamente antes de outreach.
SRC00328,https://www.armilar.com/articles/armilar-announces-first-closing-of-fund-iv-with-eu120m-to-invest-in-disruptive-technologies-across-iberia-and-europe,www.armilar.com,Artigo,Conteúdo / hook,HOK0059,2026-09-09,Ativa,Fonte pública; verificar novamente antes de outreach.
SRC00329,https://www.connectventures.co/opinions/investment-decisions-at-connect,www.connectventures.co,Artigo,Conteúdo / hook,HOK0060,2026-09-09,Ativa,Fonte pública; verificar novamente antes de outreach.
SRC00330,https://www.connectventures.co/opinions/the-connect-ventures-thesis-part-2,www.connectventures.co,Artigo / tese,Conteúdo / hook,HOK0061,2026-09-09,Ativa,Fonte pública; verificar novamente antes de outreach.
SRC00331,https://www.connectventures.co/opinions/investing-in-nexcade,www.connectventures.co,Artigo,Conteúdo / hook,HOK0062,2026-09-09,Ativa,Fonte pública; verificar novamente antes de outreach.
SRC00332,https://www.connectventures.co/opinions/investing-in-ewake-engineers-best-friend-for-software-reliability,www.connectventures.co,Artigo,Conteúdo / hook,HOK0063,2026-09-09,Ativa,Fonte pública; verificar novamente antes de outreach.
SRC00333,https://partechpartners.com/team/romain-lavault,partechpartners.com,Perfil,Conteúdo / hook,HOK0064,2026-09-09,Ativa,Fonte pública; verificar novamente antes de outreach.
SRC00334,https://partechpartners.com/team/boris-golden,partechpartners.com,Perfil,Conteúdo / hook,HOK0065,2026-09-09,Ativa,Fonte pública; verificar novamente antes de outreach.
SRC00335,https://partechpartners.com/team/reza-malekzadeh,partechpartners.com,Perfil,Conteúdo / hook,HOK0066,2026-09-09,Ativa,Fonte pública; verificar novamente antes de outreach.
SRC00336,https://partechpartners.com/news/partech-announces-promotions-across-investment-teams,partechpartners.com,Promoção / perfil,Conteúdo / hook,HOK0067,2026-09-09,Ativa,Fonte pública; verificar novamente antes de outreach.
SRC00337,https://www.speedinvest.com/team-members/marie-helene-ametsreiter,www.speedinvest.com,Sinal pessoal público,Sinal pessoal,SIG0001,2026-09-09,Ativa,Fonte pública; verificar novamente antes de outreach.
SRC00338,https://creandum.com/team/staffan-helgesson/,creandum.com,Sinal pessoal público,Sinal pessoal,SIG0002,2026-09-09,Ativa,Fonte pública; verificar novamente antes de outreach.
SRC00339,https://creandum.com/team/carl-fritjofsson/,creandum.com,Sinal pessoal público,Sinal pessoal,SIG0003,2026-09-09,Ativa,Fonte pública; verificar novamente antes de outreach.
SRC00340,https://creandum.com/team/richard-keuntje/,creandum.com,Sinal pessoal público,Sinal pessoal,SIG0004,2026-09-09,Ativa,Fonte pública; verificar novamente antes de outreach.
SRC00341,https://creandum.com/team/maria-raga/,creandum.com,Sinal pessoal público,Sinal pessoal,SIG0005,2026-09-09,Ativa,Fonte pública; verificar novamente antes de outreach.
SRC00342,https://northzone.com/team/sanjot-malhi,northzone.com,Sinal pessoal público,Sinal pessoal,SIG0006,2026-09-09,Ativa,Fonte pública; verificar novamente antes de outreach.
SRC00343,https://www.project-a.com/team/ben-fischer/,www.project-a.com,Sinal pessoal público,Sinal pessoal,SIG0007,2026-09-09,Ativa,Fonte pública; verificar novamente antes de outreach.
SRC00344,https://www.project-a.com/team/uwe-horstmann/,www.project-a.com,Sinal pessoal público,Sinal pessoal,SIG0008,2026-09-09,Ativa,Fonte pública; verificar novamente antes de outreach.
SRC00345,https://www.dawncapital.com/team/josh-bell,www.dawncapital.com,Sinal pessoal público,Sinal pessoal,SIG0009,2026-09-09,Ativa,Fonte pública; verificar novamente antes de outreach.
SRC00346,https://www.dawncapital.com/team/norman-fiore,www.dawncapital.com,Sinal pessoal público,Sinal pessoal,SIG0010,2026-09-09,Ativa,Fonte pública; verificar novamente antes de outreach.
SRC00347,https://www.dawncapital.com/team/shamillah-bankiya,www.dawncapital.com,Sinal pessoal público,Sinal pessoal,SIG0011,2026-09-09,Ativa,Fonte pública; verificar novamente antes de outreach.
SRC00348,https://www.dawncapital.com/team/dan-chaplin,www.dawncapital.com,Sinal pessoal público,Sinal pessoal,SIG0012,2026-09-09,Ativa,Fonte pública; verificar novamente antes de outreach.
SRC00349,https://octopusventures.com/team/fintech/santiago-fernandez/,octopusventures.com,Sinal pessoal público,Sinal pessoal,SIG0013,2026-09-09,Ativa,Fonte pública; verificar novamente antes de outreach.
SRC00350,https://partechpartners.com/team/boris-golden,partechpartners.com,Sinal pessoal público,Sinal pessoal,SIG0014,2026-09-09,Ativa,Fonte pública; verificar novamente antes de outreach.
SRC00351,https://partechpartners.com/team/romain-lavault,partechpartners.com,Sinal pessoal público,Sinal pessoal,SIG0015,2026-09-09,Ativa,Fonte pública; verificar novamente antes de outreach.
SRC00352,https://www.vlaio.be/en/node/7362,www.vlaio.be,Tese / critérios,Investidor,INV028,2026-09-09,Ativa,Fonte pública; verificar novamente antes de outreach.
SRC00353,https://korys.be/our-team/,korys.be,Equipa,Investidor,INV028,2026-09-09,Ativa,Fonte pública; verificar novamente antes de outreach.
SRC00354,https://www.h14.it/,www.h14.it,Tese / critérios,Investidor,INV029,2026-09-09,Ativa,Fonte pública; verificar novamente antes de outreach.
SRC00355,https://it.linkedin.com/in/riccardo-porcelli-658b6874,it.linkedin.com,Equipa,Investidor,INV029,2026-09-09,Ativa,Fonte pública; verificar novamente antes de outreach.
SRC00356,https://uk.linkedin.com/company/fink-family-office,uk.linkedin.com,Tese / critérios,Investidor,INV030,2026-09-09,Ativa,Fonte pública; verificar novamente antes de outreach.
SRC00357,https://uk.linkedin.com/company/fink-family-office,uk.linkedin.com,Equipa,Investidor,INV030,2026-09-09,Ativa,Fonte pública; verificar novamente antes de outreach.
SRC00358,https://www.dig.ventures/,www.dig.ventures,Tese / critérios,Investidor,INV031,2026-09-09,Ativa,Fonte pública; verificar novamente antes de outreach.
SRC00359,https://www.dig.ventures/team,www.dig.ventures,Equipa,Investidor,INV031,2026-09-09,Ativa,Fonte pública; verificar novamente antes de outreach.
SRC00360,https://smedvig.vc/,smedvig.vc,Tese / critérios,Investidor,INV032,2026-09-09,Ativa,Fonte pública; verificar novamente antes de outreach.
SRC00361,https://smedvig.vc/people/,smedvig.vc,Equipa,Investidor,INV032,2026-09-09,Ativa,Fonte pública; verificar novamente antes de outreach.
SRC00362,https://www.episode1.com/faq,www.episode1.com,Tese / critérios,Investidor,INV033,2026-09-09,Ativa,Fonte pública; verificar novamente antes de outreach.
SRC00363,https://www.episode1.com/team,www.episode1.com,Equipa,Investidor,INV033,2026-09-09,Ativa,Fonte pública; verificar novamente antes de outreach.
SRC00364,https://concept.vc/about-us,concept.vc,Tese / critérios,Investidor,INV034,2026-09-09,Ativa,Fonte pública; verificar novamente antes de outreach.
SRC00365,https://concept.vc/team,concept.vc,Equipa,Investidor,INV034,2026-09-09,Ativa,Fonte pública; verificar novamente antes de outreach.
SRC00366,https://www.empiricalventures.vc/,www.empiricalventures.vc,Tese / critérios,Investidor,INV035,2026-09-09,Ativa,Fonte pública; verificar novamente antes de outreach.
SRC00367,https://www.empiricalventures.vc/team,www.empiricalventures.vc,Equipa,Investidor,INV035,2026-09-09,Ativa,Fonte pública; verificar novamente antes de outreach.
SRC00368,https://korys.be/our-team/,korys.be,Perfil / equipa,Pessoa,PER0216,2026-09-09,Ativa,Fonte pública; verificar novamente antes de outreach.
SRC00369,https://korys.be/our-team/,korys.be,Perfil / equipa,Pessoa,PER0217,2026-09-09,Ativa,Fonte pública; verificar novamente antes de outreach.
SRC00370,https://korys.be/our-team/,korys.be,Perfil / equipa,Pessoa,PER0218,2026-09-09,Ativa,Fonte pública; verificar novamente antes de outreach.
SRC00371,https://korys.be/our-team/,korys.be,Perfil / equipa,Pessoa,PER0219,2026-09-09,Ativa,Fonte pública; verificar novamente antes de outreach.
SRC00372,https://korys.be/our-team/,korys.be,Perfil / equipa,Pessoa,PER0220,2026-09-09,Ativa,Fonte pública; verificar novamente antes de outreach.
SRC00373,https://www.vlaio.be/en/download/pdf?file=generated-pdf%2Frisicokapitaalverschaffer-korys_direct_investments-7362.pdf,www.vlaio.be,Perfil / equipa,Pessoa,PER0221,2026-09-09,Ativa,Fonte pública; verificar novamente antes de outreach.
SRC00374,https://it.linkedin.com/in/riccardo-porcelli-658b6874,it.linkedin.com,Perfil / equipa,Pessoa,PER0222,2026-09-09,Ativa,Fonte pública; verificar novamente antes de outreach.
SRC00375,https://it.linkedin.com/in/luigi-lonardi-3609a9118,it.linkedin.com,Perfil / equipa,Pessoa,PER0223,2026-09-09,Ativa,Fonte pública; verificar novamente antes de outreach.
SRC00376,https://uk.linkedin.com/in/alexandermfink,uk.linkedin.com,Perfil / equipa,Pessoa,PER0224,2026-09-09,Ativa,Fonte pública; verificar novamente antes de outreach.
SRC00377,https://uk.linkedin.com/in/jordan-fink-65304a123,uk.linkedin.com,Perfil / equipa,Pessoa,PER0225,2026-09-09,Ativa,Fonte pública; verificar novamente antes de outreach.
SRC00378,https://www.dig.ventures/team,www.dig.ventures,Perfil / equipa,Pessoa,PER0226,2026-09-09,Ativa,Fonte pública; verificar novamente antes de outreach.
SRC00379,https://www.dig.ventures/team,www.dig.ventures,Perfil / equipa,Pessoa,PER0227,2026-09-09,Ativa,Fonte pública; verificar novamente antes de outreach.
SRC00380,https://www.dig.ventures/team,www.dig.ventures,Perfil / equipa,Pessoa,PER0228,2026-09-09,Ativa,Fonte pública; verificar novamente antes de outreach.
SRC00381,https://smedvig.vc/people/jon-lerner/,smedvig.vc,Perfil / equipa,Pessoa,PER0229,2026-09-09,Ativa,Fonte pública; verificar novamente antes de outreach.
SRC00382,https://smedvig.vc/people/joe-knowles/,smedvig.vc,Perfil / equipa,Pessoa,PER0230,2026-09-09,Ativa,Fonte pública; verificar novamente antes de outreach.
SRC00383,https://smedvig.vc/people/rob-toms/,smedvig.vc,Perfil / equipa,Pessoa,PER0231,2026-09-09,Ativa,Fonte pública; verificar novamente antes de outreach.
SRC00384,https://smedvig.vc/people/peter-duffy/,smedvig.vc,Perfil / equipa,Pessoa,PER0232,2026-09-09,Ativa,Fonte pública; verificar novamente antes de outreach.
SRC00385,https://smedvig.vc/people/freddie-kalfayan/,smedvig.vc,Perfil / equipa,Pessoa,PER0233,2026-09-09,Ativa,Fonte pública; verificar novamente antes de outreach.
SRC00386,https://www.episode1.com/team,www.episode1.com,Perfil / equipa,Pessoa,PER0234,2026-09-09,Ativa,Fonte pública; verificar novamente antes de outreach.
SRC00387,https://www.episode1.com/team,www.episode1.com,Perfil / equipa,Pessoa,PER0235,2026-09-09,Ativa,Fonte pública; verificar novamente antes de outreach.
SRC00388,https://www.episode1.com/team,www.episode1.com,Perfil / equipa,Pessoa,PER0236,2026-09-09,Ativa,Fonte pública; verificar novamente antes de outreach.
SRC00389,https://www.episode1.com/team,www.episode1.com,Perfil / equipa,Pessoa,PER0237,2026-09-09,Ativa,Fonte pública; verificar novamente antes de outreach.
SRC00390,https://www.episode1.com/team,www.episode1.com,Perfil / equipa,Pessoa,PER0238,2026-09-09,Ativa,Fonte pública; verificar novamente antes de outreach.
SRC00391,https://www.episode1.com/team,www.episode1.com,Perfil / equipa,Pessoa,PER0239,2026-09-09,Ativa,Fonte pública; verificar novamente antes de outreach.
SRC00392,https://www.episode1.com/team,www.episode1.com,Perfil / equipa,Pessoa,PER0240,2026-09-09,Ativa,Fonte pública; verificar novamente antes de outreach.
SRC00393,https://concept.vc/team-members/reece-chowdhry,concept.vc,Perfil / equipa,Pessoa,PER0241,2026-09-09,Ativa,Fonte pública; verificar novamente antes de outreach.
SRC00394,https://concept.vc/team-members/oliver-kicks,concept.vc,Perfil / equipa,Pessoa,PER0242,2026-09-09,Ativa,Fonte pública; verificar novamente antes de outreach.
SRC00395,https://concept.vc/team-members/jeff-chowdhry,concept.vc,Perfil / equipa,Pessoa,PER0243,2026-09-09,Ativa,Fonte pública; verificar novamente antes de outreach.
SRC00396,https://concept.vc/team-members/hugo-hazon,concept.vc,Perfil / equipa,Pessoa,PER0244,2026-09-09,Ativa,Fonte pública; verificar novamente antes de outreach.
SRC00397,https://concept.vc/team-members/anrea,concept.vc,Perfil / equipa,Pessoa,PER0245,2026-09-09,Ativa,Fonte pública; verificar novamente antes de outreach.
SRC00398,https://concept.vc/team-members/kudei-sawyer-moses,concept.vc,Perfil / equipa,Pessoa,PER0246,2026-09-09,Ativa,Fonte pública; verificar novamente antes de outreach.
SRC00399,https://www.empiricalventures.vc/team,www.empiricalventures.vc,Perfil / equipa,Pessoa,PER0247,2026-09-09,Ativa,Fonte pública; verificar novamente antes de outreach.
SRC00400,https://www.empiricalventures.vc/team,www.empiricalventures.vc,Perfil / equipa,Pessoa,PER0248,2026-09-09,Ativa,Fonte pública; verificar novamente antes de outreach.
SRC00401,https://korys.be/korys-sustainability-journey-from-the-initial-spark-to-future-realities/,korys.be,Entrevista institucional,Conteúdo / hook,HOK0068,2026-09-09,Ativa,Fonte pública; verificar novamente antes de outreach.
SRC00402,https://korys.be/the-three-secret-ingredients-in-the-d-drinks-recipe/,korys.be,Entrevista / caso de investimento,Conteúdo / hook,HOK0069,2026-09-09,Ativa,Fonte pública; verificar novamente antes de outreach.
SRC00403,https://korys.be/our-team/,korys.be,Perfil oficial,Conteúdo / hook,HOK0070,2026-09-09,Ativa,Fonte pública; verificar novamente antes de outreach.
SRC00404,https://korys.be/pers/greenely-secures-e8-million-in-series-a-funding-led-by-korys-to-enhance-household-energy-optimization-and-expand-its-residential-virtual-power-plant-platform/,korys.be,Declaração em anúncio,Conteúdo / hook,HOK0071,2026-09-09,Ativa,Fonte pública; verificar novamente antes de outreach.
SRC00405,https://be.linkedin.com/posts/de-tijd_familie-colruyt-investeert-in-nieuwe-kankerbestrijding-activity-6986721035131723778-BJSi,be.linkedin.com,Declaração citada pela imprensa,Conteúdo / hook,HOK0072,2026-09-09,Ativa,Fonte pública; verificar novamente antes de outreach.
SRC00406,https://www.linkedin.com/posts/riccardo-porcelli-658b6874_proud-and-happy-to-join-the-unobravo-servizio-activity-7141031623407439876-fnCY,www.linkedin.com,Publicação LinkedIn,Conteúdo / hook,HOK0073,2026-09-09,Ativa,Fonte pública; verificar novamente antes de outreach.
SRC00407,https://www.newdealadvisors.com/wp-content/uploads/2023/11/dealfloer-h14-weroad-27.11.pdf,www.newdealadvisors.com,Declaração em notícia de investimento,Conteúdo / hook,HOK0074,2026-09-09,Ativa,Fonte pública; verificar novamente antes de outreach.
SRC00408,https://it.linkedin.com/in/riccardo-porcelli-658b6874,it.linkedin.com,Publicação LinkedIn no perfil,Conteúdo / hook,HOK0075,2026-09-09,Ativa,Fonte pública; verificar novamente antes de outreach.
SRC00409,https://www.linkedin.com/posts/alexandermfink_how-are-family-offices-leveraging-ai-for-activity-7491175283249721344-B0Py,www.linkedin.com,Publicação LinkedIn,Conteúdo / hook,HOK0076,2026-09-09,Ativa,Fonte pública; verificar novamente antes de outreach.
SRC00410,https://www.linkedin.com/posts/alexandermfink_a-week-in-the-life-of-a-fo-fast-paced-high-value-activity-7453820105060356096-FEZe,www.linkedin.com,Publicação LinkedIn,Conteúdo / hook,HOK0077,2026-09-09,Ativa,Fonte pública; verificar novamente antes de outreach.
SRC00411,https://uk.linkedin.com/company/fink-family-office,uk.linkedin.com,Publicação institucional com repost,Conteúdo / hook,HOK0078,2026-09-09,Ativa,Fonte pública; verificar novamente antes de outreach.
SRC00412,https://www.linkedin.com/posts/alexandermfink_congrats-to-my-brother-jordan-fink-on-his-activity-7341049198877765632-uIlH,www.linkedin.com,Publicação LinkedIn reproduzida,Conteúdo / hook,HOK0079,2026-09-09,Ativa,Fonte pública; verificar novamente antes de outreach.
SRC00413,https://pe2026.com/,pe2026.com,Participação anunciada em conferência,Conteúdo / hook,HOK0080,2026-09-09,Ativa,Fonte pública; verificar novamente antes de outreach.
SRC00414,https://www.linkedin.com/posts/ross-mason_a-proud-moment-for-the-dig-ventures-team-activity-7316021223954501634-0mPN,www.linkedin.com,Publicação LinkedIn,Conteúdo / hook,HOK0081,2026-09-09,Ativa,Fonte pública; verificar novamente antes de outreach.
SRC00415,https://www.linkedin.com/posts/ross-mason_cofounder-of-italys-first-unicorn-raises-activity-7244437286103257089-Lnpb,www.linkedin.com,Publicação LinkedIn,Conteúdo / hook,HOK0082,2026-09-09,Ativa,Fonte pública; verificar novamente antes de outreach.
SRC00416,https://www.dig.ventures/team,www.dig.ventures,Perfil oficial,Conteúdo / hook,HOK0083,2026-09-09,Ativa,Fonte pública; verificar novamente antes de outreach.
SRC00417,https://cfotech.co.uk/story/tower-raises-usd-6-4m-to-bring-ai-data-code-to-prod,cfotech.co.uk,Declaração citada pela imprensa,Conteúdo / hook,HOK0084,2026-09-09,Ativa,Fonte pública; verificar novamente antes de outreach.
SRC00418,https://www.linkedin.com/posts/rvitkauskas_all-in-one-ai-platform-activity-7386353860748931072-MolE,www.linkedin.com,Publicação LinkedIn,Conteúdo / hook,HOK0085,2026-09-09,Ativa,Fonte pública; verificar novamente antes de outreach.
SRC00419,https://smedvig.vc/people/jon-lerner/,smedvig.vc,Entrevista no perfil oficial,Conteúdo / hook,HOK0086,2026-09-09,Ativa,Fonte pública; verificar novamente antes de outreach.
SRC00420,https://smedvig.vc/people/jon-lerner/,smedvig.vc,Entrevista no perfil oficial,Conteúdo / hook,HOK0087,2026-09-09,Ativa,Fonte pública; verificar novamente antes de outreach.
SRC00421,https://smedvig.vc/people/joe-knowles/,smedvig.vc,Entrevista no perfil oficial,Conteúdo / hook,HOK0088,2026-09-09,Ativa,Fonte pública; verificar novamente antes de outreach.
SRC00422,https://smedvig.vc/people/joe-knowles/,smedvig.vc,Recomendação pública de livro,Conteúdo / hook,HOK0089,2026-09-09,Ativa,Fonte pública; verificar novamente antes de outreach.
SRC00423,https://smedvig.vc/people/rob-toms/,smedvig.vc,Entrevista no perfil oficial,Conteúdo / hook,HOK0090,2026-09-09,Ativa,Fonte pública; verificar novamente antes de outreach.
SRC00424,https://smedvig.vc/people/peter-duffy/,smedvig.vc,Entrevista no perfil oficial,Conteúdo / hook,HOK0091,2026-09-09,Ativa,Fonte pública; verificar novamente antes de outreach.
SRC00425,https://smedvig.vc/people/freddie-kalfayan/,smedvig.vc,Entrevista no perfil oficial,Conteúdo / hook,HOK0092,2026-09-09,Ativa,Fonte pública; verificar novamente antes de outreach.
SRC00426,https://vcwire.tech/2024/02/08/episode-1-ventures-interview-with-general-partner-hector-mason/,vcwire.tech,Entrevista,Conteúdo / hook,HOK0093,2026-09-09,Ativa,Fonte pública; verificar novamente antes de outreach.
SRC00427,https://medium.com/episode-1-ventures/in-the-hot-seat-with-hector-mason-c9c6bc0ff18a,medium.com,Entrevista institucional,Conteúdo / hook,HOK0094,2026-09-09,Ativa,Fonte pública; verificar novamente antes de outreach.
SRC00428,https://www.linkedin.com/posts/adamshuaib_at-episode-1-weve-built-an-ai-model-trained-activity-7272528423053381635-HA9x,www.linkedin.com,Publicação LinkedIn,Conteúdo / hook,HOK0095,2026-09-09,Ativa,Fonte pública; verificar novamente antes de outreach.
SRC00429,https://www.linkedin.com/pulse/your-start-up-business-pet-project-simon-murdoch,www.linkedin.com,Artigo de autoria pessoal,Conteúdo / hook,HOK0096,2026-09-09,Ativa,Fonte pública; verificar novamente antes de outreach.
SRC00430,https://unicorn-nest.com/media/interviews/adrian-lloyd-episode-1-ventures/,unicorn-nest.com,Entrevista,Conteúdo / hook,HOK0097,2026-09-09,Ativa,Fonte pública; verificar novamente antes de outreach.
SRC00431,https://medium.com/%40adrianelloyd/octopus-true-invest-in-thirdeye-b58b4239d835,medium.com,Artigo de autoria pessoal,Conteúdo / hook,HOK0098,2026-09-09,Ativa,Fonte pública; verificar novamente antes de outreach.
SRC00432,https://concept.vc/team-members/reece-chowdhry,concept.vc,Perfil oficial,Conteúdo / hook,HOK0099,2026-09-09,Ativa,Fonte pública; verificar novamente antes de outreach.
SRC00433,https://concept.vc/team-members/oliver-kicks,concept.vc,Perfil oficial,Conteúdo / hook,HOK0100,2026-09-09,Ativa,Fonte pública; verificar novamente antes de outreach.
SRC00434,https://concept.vc/team-members/jeff-chowdhry,concept.vc,Perfil oficial,Conteúdo / hook,HOK0101,2026-09-09,Ativa,Fonte pública; verificar novamente antes de outreach.
SRC00435,https://concept.vc/team-members/hugo-hazon,concept.vc,Perfil oficial,Conteúdo / hook,HOK0102,2026-09-09,Ativa,Fonte pública; verificar novamente antes de outreach.
SRC00436,https://concept.vc/team-members/anrea,concept.vc,Perfil oficial,Conteúdo / hook,HOK0103,2026-09-09,Ativa,Fonte pública; verificar novamente antes de outreach.
SRC00437,https://concept.vc/team-members/kudei-sawyer-moses,concept.vc,Perfil oficial,Conteúdo / hook,HOK0104,2026-09-09,Ativa,Fonte pública; verificar novamente antes de outreach.
SRC00438,https://www.empiricalventures.vc/news/nuclear-turbines-raises-15m-pre-seed,www.empiricalventures.vc,Declaração em anúncio,Conteúdo / hook,HOK0105,2026-09-09,Ativa,Fonte pública; verificar novamente antes de outreach.
SRC00439,https://www.empiricalventures.vc/news/nuclear-turbines-raises-15m-pre-seed,www.empiricalventures.vc,Declaração em anúncio,Conteúdo / hook,HOK0106,2026-09-09,Ativa,Fonte pública; verificar novamente antes de outreach.
SRC00440,https://www.empiricalventures.vc/news/proxima-fusion-empirical-ventures-backs-europes-leading-fusion-company,www.empiricalventures.vc,Caso institucional de sourcing,Conteúdo / hook,HOK0107,2026-09-09,Ativa,Fonte pública; verificar novamente antes de outreach.
SRC00441,https://www.empiricalventures.vc/team,www.empiricalventures.vc,Perfil oficial,Conteúdo / hook,HOK0108,2026-09-09,Ativa,Fonte pública; verificar novamente antes de outreach.
SRC00442,https://smedvig.vc/people/joe-knowles/,smedvig.vc,Sinal pessoal público,Sinal pessoal,SIG0016,2026-09-09,Ativa,Fonte pública; verificar novamente antes de outreach.
SRC00443,https://smedvig.vc/people/jon-lerner/,smedvig.vc,Sinal pessoal público,Sinal pessoal,SIG0017,2026-09-09,Ativa,Fonte pública; verificar novamente antes de outreach.
SRC00444,https://smedvig.vc/people/rob-toms/,smedvig.vc,Sinal pessoal público,Sinal pessoal,SIG0018,2026-09-09,Ativa,Fonte pública; verificar novamente antes de outreach.
SRC00445,https://smedvig.vc/people/peter-duffy/,smedvig.vc,Sinal pessoal público,Sinal pessoal,SIG0019,2026-09-09,Ativa,Fonte pública; verificar novamente antes de outreach.
SRC00446,https://smedvig.vc/people/freddie-kalfayan/,smedvig.vc,Sinal pessoal público,Sinal pessoal,SIG0020,2026-09-09,Ativa,Fonte pública; verificar novamente antes de outreach.
SRC00447,https://www.episode1.com/team,www.episode1.com,Sinal pessoal público,Sinal pessoal,SIG0021,2026-09-09,Ativa,Fonte pública; verificar novamente antes de outreach.
SRC00448,https://concept.vc/team-members/reece-chowdhry,concept.vc,Sinal pessoal público,Sinal pessoal,SIG0022,2026-09-09,Ativa,Fonte pública; verificar novamente antes de outreach.
SRC00449,https://concept.vc/team-members/reece-chowdhry,concept.vc,Sinal pessoal público,Sinal pessoal,SIG0023,2026-09-09,Ativa,Fonte pública; verificar novamente antes de outreach.
SRC00450,https://concept.vc/team-members/oliver-kicks,concept.vc,Sinal pessoal público,Sinal pessoal,SIG0024,2026-09-09,Ativa,Fonte pública; verificar novamente antes de outreach.
SRC00451,https://concept.vc/team-members/jeff-chowdhry,concept.vc,Sinal pessoal público,Sinal pessoal,SIG0025,2026-09-09,Ativa,Fonte pública; verificar novamente antes de outreach.
SRC00452,https://concept.vc/team-members/hugo-hazon,concept.vc,Sinal pessoal público,Sinal pessoal,SIG0026,2026-09-09,Ativa,Fonte pública; verificar novamente antes de outreach.
SRC00453,https://concept.vc/team-members/anrea,concept.vc,Sinal pessoal público,Sinal pessoal,SIG0027,2026-09-09,Ativa,Fonte pública; verificar novamente antes de outreach.
SRC00454,https://concept.vc/team-members/kudei-sawyer-moses,concept.vc,Sinal pessoal público,Sinal pessoal,SIG0028,2026-09-09,Ativa,Fonte pública; verificar novamente antes de outreach.
SRC00455,https://it.linkedin.com/in/luigi-lonardi-3609a9118,it.linkedin.com,Sinal pessoal público,Sinal pessoal,SIG0029,2026-09-09,Ativa,Fonte pública; verificar novamente antes de outreach.
SRC00456,https://korys.be/,korys.be,Identidade e tese,Evidência complementar,INV028,2026-09-09,Ativa,Fonte pública; verificar novamente antes de outreach.
SRC00457,https://www.vlaio.be/en/download/pdf?file=generated-pdf%2Frisicokapitaalverschaffer-korys_direct_investments-7362.pdf,www.vlaio.be,Emails profissionais publicados,Evidência complementar,PER0219,2026-09-09,Ativa,Fonte pública; verificar novamente antes de outreach.
SRC00458,https://www.vlaio.be/en/download/pdf?file=generated-pdf%2Frisicokapitaalverschaffer-korys_direct_investments-7362.pdf,www.vlaio.be,Emails profissionais publicados,Evidência complementar,PER0220,2026-09-09,Ativa,Fonte pública; verificar novamente antes de outreach.
SRC00459,https://www.vlaio.be/en/download/pdf?file=generated-pdf%2Frisicokapitaalverschaffer-korys_direct_investments-7362.pdf,www.vlaio.be,Emails profissionais publicados,Evidência complementar,PER0221,2026-09-09,Ativa,Fonte pública; verificar novamente antes de outreach.
SRC00460,https://korys.be/our-team/,korys.be,Cargo atual,Evidência complementar,PER0221,2026-09-09,Ativa,Fonte pública; verificar novamente antes de outreach.
SRC00461,https://www.newdealadvisors.com/wp-content/uploads/2023/11/dealfloer-h14-weroad-27.11.pdf,www.newdealadvisors.com,Cargo na data do anúncio,Evidência complementar,PER0222,2026-09-09,Ativa,Fonte pública; verificar novamente antes de outreach.
SRC00462,https://www.calcioefinanza.it/2024/01/11/luigi-berlusconi-soci-vip-holding/,www.calcioefinanza.it,Cargo histórico — 2024,Evidência complementar,PER0223,2026-09-09,Ativa,Fonte pública; verificar novamente antes de outreach.
SRC00463,https://pe2026.com/,pe2026.com,Filiação profissional declarada,Evidência complementar,PER0225,2026-09-09,Ativa,Fonte pública; verificar novamente antes de outreach.
SRC00464,https://uk.linkedin.com/in/alexandermfink,uk.linkedin.com,Filiação adicional Empirical,Evidência complementar,INV035,2026-09-09,Ativa,Fonte pública; verificar novamente antes de outreach.
SRC00465,https://bo.linkedin.com/company/dig-ventures,bo.linkedin.com,Sede e geografia,Evidência complementar,INV031,2026-09-09,Ativa,Fonte pública; verificar novamente antes de outreach.
SRC00466,https://www.linkedin.com/posts/ross-mason_a-proud-moment-for-the-dig-ventures-team-activity-7316021223954501634-0mPN,www.linkedin.com,Classificação atual como VC,Evidência complementar,INV031,2026-09-09,Ativa,Fonte pública; verificar novamente antes de outreach.
SRC00467,https://www.smedvig.com/venture-capital/,www.smedvig.com,Ligação à família Smedvig,Evidência complementar,INV032,2026-09-09,Ativa,Fonte pública; verificar novamente antes de outreach.
SRC00468,https://www.siliconroundabout.org.uk/2022/05/jon-lerner-partner-at-smedvig-capital-q-a/,www.siliconroundabout.org.uk,Percurso anterior,Evidência complementar,PER0229,2026-09-09,Ativa,Fonte pública; verificar novamente antes de outreach.
SRC00469,https://unicorn-nest.com/media/interviews/adrian-lloyd-episode-1-ventures/,unicorn-nest.com,Percurso anterior,Evidência complementar,PER0238,2026-09-09,Ativa,Fonte pública; verificar novamente antes de outreach.
SRC00470,https://www.empiricalventures.vc/our-investment-process,www.empiricalventures.vc,Processo e comité,Evidência complementar,INV035,2026-09-09,Ativa,Fonte pública; verificar novamente antes de outreach.
SRC00471,https://www.episode1.com/data-platform,www.episode1.com,Ferramenta interna — possível sobreposição,Evidência complementar,INV033,2026-09-09,Ativa,Fonte pública; verificar novamente antes de outreach.
