ID_Pessoa,ID_Investidor,Investidor,Nome,Cargo_Atual,Decisor,Nível_Decisão,Localização,Foco_Setorial,Foco_Fase,Experiência_Anterior,Empresas_Portfólio,Email_Público,LinkedIn,Perfil_Oficial,Hook_Principal,Fundamento_do_Hook,Fonte_Principal,Data_Verificação,Confiança,Estado_Perfil,Notas
PER0001,INV001,Point Nine,Christoph Janz,Partner,Sim,Decisor,Berlim,B2B SaaS; métricas; AI,Seed; Series A,Fundador e operador de internet/SaaS,Zendesk; Typeform; Contentful,,https://www.linkedin.com/in/christophjanz,https://www.pointnine.com/team,Referir a análise de cohorts ou a questão sobre AI acelerar vertical SaaS.,Publicou guias detalhados sobre cohort analysis e vertical SaaS.,https://www.pointnine.com/team,2026-09-09,Alta,Enriquecido,
PER0002,INV001,Point Nine,Pawel Chudzinski,Partner,Sim,Decisor,Berlim,SaaS; marketplaces,Seed; Series A,Co-fundador da Point Nine,Delivery Hero; Mambu,,,https://www.pointnine.com/team,Ligar a conversa à experiência de escalar empresas europeias globalmente.,Perfil de cofundador e portfólio internacional.,https://www.pointnine.com/team,2026-09-09,Média,Parcial,
PER0003,INV001,Point Nine,Louis Coppey,Partner,Sim,Decisor,Paris,SaaS; fintech; software,Seed; Series A,Investidor early-stage,Revolut; Qonto,,,https://www.pointnine.com/team,Relacionar o produto com software europeu de elevada frequência e expansão internacional.,Foco e portfólio apresentados no perfil da equipa.,https://www.pointnine.com/team,2026-09-09,Média,Parcial,
PER0004,INV001,Point Nine,Ricardo Sequerra Amram,Partner,Sim,Decisor,Berlim,SaaS; AI; produtividade,Seed; Series A,Investidor e operador,Factorial; Attio,,,https://www.pointnine.com/team,Mostrar uma hipótese concreta de adoção e retenção em software B2B.,Histórico do portfólio em software B2B.,https://www.pointnine.com/team,2026-09-09,Média,Parcial,
PER0005,INV002,Seedcamp,Reshma Sohoni,Co-Founder & Managing Partner,Sim,Decisor,Londres,Early-stage tech; expansão global,Pre-seed; Seed,M&A banking; Vodafone,UiPath; Wise; Revolut,,,https://seedcamp.com/people/reshma-sohoni/,Explicar como a empresa pode sair da Europa e construir distribuição internacional.,Perfil destaca expansão para os EUA e crescimento global.,https://seedcamp.com/people/reshma-sohoni/,2026-09-09,Alta,Enriquecido,
PER0006,INV002,Seedcamp,Carlos Eduardo Espinal,Managing Partner,Sim,Decisor,Londres,Fundraising; SaaS; equipas,Pre-seed; Seed,GTE CyberTrust; SIAC/NYSE R&D,Hopin; Wefox,,,https://seedcamp.com/people/carlos-eduardo-espinal/,Usar uma lição concreta do Fundraising Field Guide para enquadrar a ronda.,Autor e host de conteúdos sobre fundraising e dinâmica de equipas.,https://seedcamp.com/people/carlos-eduardo-espinal/,2026-09-09,Alta,Enriquecido,
PER0007,INV002,Seedcamp,Tom Wilson,Partner,Sim,Decisor,Londres,Fintech; enterprise; software,Pre-seed; Seed,Investimento e operações,,,,https://seedcamp.com/our-team/,Apresentar um insight de distribuição e uma razão clara para ganhar o mercado europeu.,Membro da equipa de investimento Seedcamp.,https://seedcamp.com/our-team/,2026-09-09,Média,Base,
PER0008,INV002,Seedcamp,Sia Houchangnia,Partner,Sim,Decisor,Paris / Londres,Consumer; fintech; software,Pre-seed; Seed,Investimento early-stage,,,,https://seedcamp.com/our-team/,Ligar o caso a comportamento do utilizador e velocidade de iteração.,Membro da equipa de investimento Seedcamp.,https://seedcamp.com/our-team/,2026-09-09,Média,Base,
PER0009,INV003,JME Ventures,Samuel Gil,Managing Partner,Sim,Decisor,Madrid,Tecnologia; software,Seed; Series A,Engenharia; investimento,,,,https://www.jme.vc/,Começar por uma tese técnica clara e pelas provas de execução da equipa.,Sócio gestor de fundo tecnológico seed.,https://www.jme.vc/,2026-09-09,Média,Parcial,
PER0010,INV003,JME Ventures,Lourdes Álvarez de Toledo,Partner,Sim,Decisor,Madrid,Tecnologia; consumo; marketplaces,Seed; Series A,Investimento,,,,https://www.jme.vc/,"Enquadrar o problema, a frequência de uso e o comportamento do cliente.",Parceira na equipa de investimento.,https://www.jme.vc/,2026-09-09,Média,Base,
PER0011,INV003,JME Ventures,Iván Landabaso,Partner,Sim,Decisor,Madrid,Software; tecnologia,Seed; Series A,Investimento,,,,https://www.jme.vc/,Mostrar por que o produto pode tornar-se referência no mercado espanhol e europeu.,Parceiro na equipa de investimento.,https://www.jme.vc/,2026-09-09,Média,Base,
PER0012,INV004,Picus Capital,Alexander Samwer,Founding Partner,Sim,Decisor,Munique,Tech generalist; long-term capital,Pre-seed; Seed; Series A,,,,,https://www.picuscap.com/team/,Apresentar a visão de 10 anos e o motivo para esta equipa ser capaz de dominar a categoria.,Picus sublinha parceria de longo prazo desde o início.,https://www.picuscap.com/team/,2026-09-09,Média,Parcial,
PER0013,INV004,Picus Capital,Jeremias Heinrich,Founding Partner,Sim,Decisor,Munique,Climate; enterprise; fintech,Pre-seed; Seed; Series A,,,,,https://www.picuscap.com/team/,Apresentar a visão de 10 anos e o motivo para esta equipa ser capaz de dominar a categoria.,Picus sublinha parceria de longo prazo desde o início.,https://www.picuscap.com/team/,2026-09-09,Média,Parcial,
PER0014,INV004,Picus Capital,Robin Godenrath,Founding Partner & Managing Director,Sim,Decisor,Munique,Early-stage tech,Pre-seed; Seed; Series A,,,,,https://www.picuscap.com/team/,Apresentar a visão de 10 anos e o motivo para esta equipa ser capaz de dominar a categoria.,Picus sublinha parceria de longo prazo desde o início.,https://www.picuscap.com/team/,2026-09-09,Média,Parcial,
PER0015,INV004,Picus Capital,Oliver Heinrich,Partner,Sim,Decisor,Munique,Enterprise; fintech,Pre-seed; Seed; Series A,,,,,https://www.picuscap.com/team/,Apresentar a visão de 10 anos e o motivo para esta equipa ser capaz de dominar a categoria.,Picus sublinha parceria de longo prazo desde o início.,https://www.picuscap.com/team/,2026-09-09,Média,Parcial,
PER0016,INV004,Picus Capital,Raphael Mukomilow,Partner,Sim,Decisor,Londres,Health; biotech; software,Pre-seed; Seed; Series A,,,,,https://www.picuscap.com/team/,Apresentar a visão de 10 anos e o motivo para esta equipa ser capaz de dominar a categoria.,Picus sublinha parceria de longo prazo desde o início.,https://www.picuscap.com/team/,2026-09-09,Média,Parcial,
PER0017,INV004,Picus Capital,Sebastian Schäfer,Partner,Sim,Decisor,Berlim,AI; enterprise,Pre-seed; Seed; Series A,,,,,https://www.picuscap.com/team/,Apresentar a visão de 10 anos e o motivo para esta equipa ser capaz de dominar a categoria.,Picus sublinha parceria de longo prazo desde o início.,https://www.picuscap.com/team/,2026-09-09,Média,Parcial,
PER0018,INV004,Picus Capital,Cosima Paul,Investor,Rever,Equipa de investimento,,Early-stage tech,Pre-seed; Seed; Series A,,,,,https://www.picuscap.com/team/,Apresentar a visão de 10 anos e o motivo para esta equipa ser capaz de dominar a categoria.,Picus sublinha parceria de longo prazo desde o início.,https://www.picuscap.com/team/,2026-09-09,Média,Base,
PER0019,INV005,Speedinvest,Oliver Holle,CEO & Managing Partner,Sim,Decisor,Viena,Multi-sector,Inception; Seed; Growth,,,,,https://www.speedinvest.com/team,Relacionar a empresa diretamente com a tese da equipa especialista e o estágio pretendido.,A firma organiza investidores por verticais e fase.,https://www.speedinvest.com/team,2026-09-09,Alta,Base,
PER0020,INV005,Speedinvest,Markus Lang,General Partner,Sim,Decisor,Viena,AI & Infra; SaaS,Inception; Seed; Growth,,,,,https://www.speedinvest.com/team,Relacionar a empresa diretamente com a tese da equipa especialista e o estágio pretendido.,A firma organiza investidores por verticais e fase.,https://www.speedinvest.com/team,2026-09-09,Alta,Enriquecido,
PER0021,INV005,Speedinvest,Andreas Schwarzenbrunner,General Partner,Sim,Decisor,Viena,Climate & Industrial Tech,Inception; Seed; Growth,,,,,https://www.speedinvest.com/team,Relacionar a empresa diretamente com a tese da equipa especialista e o estágio pretendido.,A firma organiza investidores por verticais e fase.,https://www.speedinvest.com/team,2026-09-09,Alta,Base,
PER0022,INV005,Speedinvest,Marie-Hélène Ametsreiter,General Partner,Sim,Decisor,Munique,Climate & Industrial Tech,Inception; Seed; Growth,,,,,https://www.speedinvest.com/team,Relacionar a empresa diretamente com a tese da equipa especialista e o estágio pretendido.,A firma organiza investidores por verticais e fase.,https://www.speedinvest.com/team,2026-09-09,Alta,Enriquecido,
PER0023,INV005,Speedinvest,Stefan Klestil,General Partner,Sim,Decisor,Viena,Fintech,Inception; Seed; Growth,,,,,https://www.speedinvest.com/team,Relacionar a empresa diretamente com a tese da equipa especialista e o estágio pretendido.,A firma organiza investidores por verticais e fase.,https://www.speedinvest.com/team,2026-09-09,Alta,Base,
PER0024,INV005,Speedinvest,Andrea Zitna,Partner,Sim,Decisor,Londres,Health & Bio,Inception; Seed; Growth,,,,,https://www.speedinvest.com/team,Relacionar a empresa diretamente com a tese da equipa especialista e o estágio pretendido.,A firma organiza investidores por verticais e fase.,https://www.speedinvest.com/team,2026-09-09,Alta,Base,
PER0025,INV005,Speedinvest,Deepali Nangia,Partner,Sim,Decisor,Londres,Marketplaces; consumer,Inception; Seed; Growth,,,,,https://www.speedinvest.com/team,Relacionar a empresa diretamente com a tese da equipa especialista e o estágio pretendido.,A firma organiza investidores por verticais e fase.,https://www.speedinvest.com/team,2026-09-09,Alta,Base,
PER0026,INV005,Speedinvest,Florian Obst,Partner,Sim,Decisor,Munique,AI & Infra; SaaS,Inception; Seed; Growth,,,,,https://www.speedinvest.com/team,Relacionar a empresa diretamente com a tese da equipa especialista e o estágio pretendido.,A firma organiza investidores por verticais e fase.,https://www.speedinvest.com/team,2026-09-09,Alta,Enriquecido,
PER0027,INV005,Speedinvest,Frederik Hagenauer,Partner,Sim,Decisor,Berlim,AI & Infra; SaaS,Inception; Seed; Growth,,,,,https://www.speedinvest.com/team,Relacionar a empresa diretamente com a tese da equipa especialista e o estágio pretendido.,A firma organiza investidores por verticais e fase.,https://www.speedinvest.com/team,2026-09-09,Alta,Enriquecido,
PER0028,INV005,Speedinvest,Jeroen Arts,Partner,Sim,Decisor,Viena,Fintech,Inception; Seed; Growth,,,,,https://www.speedinvest.com/team,Relacionar a empresa diretamente com a tese da equipa especialista e o estágio pretendido.,A firma organiza investidores por verticais e fase.,https://www.speedinvest.com/team,2026-09-09,Alta,Base,
PER0029,INV005,Speedinvest,Rana Abdel Latif,Partner,Sim,Decisor,,Middle East & Africa,Inception; Seed; Growth,,,,,https://www.speedinvest.com/team,Relacionar a empresa diretamente com a tese da equipa especialista e o estágio pretendido.,A firma organiza investidores por verticais e fase.,https://www.speedinvest.com/team,2026-09-09,Alta,Base,
PER0030,INV005,Speedinvest,Will Wells,Partner,Sim,Decisor,Londres,Health & Bio,Inception; Seed; Growth,,,,,https://www.speedinvest.com/team,Relacionar a empresa diretamente com a tese da equipa especialista e o estágio pretendido.,A firma organiza investidores por verticais e fase.,https://www.speedinvest.com/team,2026-09-09,Alta,Base,
PER0031,INV006,Index Ventures,Danny Rimer,Partner,Sim,Decisor,Londres / São Francisco,Consumer; software,Seed; Venture; Growth,,,,,https://www.indexventures.com/team/,Mapear o problema ao domínio do partner e provar por que a empresa pode definir uma categoria.,Index organiza-se por domínio e acompanha empresas em vários estágios.,https://www.indexventures.com/team/,2026-09-09,Média,Base,
PER0032,INV006,Index Ventures,Jan Hammer,Partner,Sim,Decisor,Londres,Fintech; software,Seed; Venture; Growth,,,,,https://www.indexventures.com/team/,Mapear o problema ao domínio do partner e provar por que a empresa pode definir uma categoria.,Index organiza-se por domínio e acompanha empresas em vários estágios.,https://www.indexventures.com/team/,2026-09-09,Média,Base,
PER0033,INV006,Index Ventures,Martin Mignot,Partner,Sim,Decisor,Londres,Fintech; consumer; marketplaces,Seed; Venture; Growth,,,,,https://www.indexventures.com/team/,Mapear o problema ao domínio do partner e provar por que a empresa pode definir uma categoria.,Index organiza-se por domínio e acompanha empresas em vários estágios.,https://www.indexventures.com/team/,2026-09-09,Média,Base,
PER0034,INV006,Index Ventures,Shardul Shah,Partner,Sim,Decisor,Nova Iorque,Cybersecurity; AI; enterprise; infrastructure,Seed; Venture; Growth,,,,,https://www.indexventures.com/team/,Mapear o problema ao domínio do partner e provar por que a empresa pode definir uma categoria.,Index organiza-se por domínio e acompanha empresas em vários estágios.,https://www.indexventures.com/team/,2026-09-09,Média,Enriquecido,
PER0035,INV006,Index Ventures,Hannah Seal,Partner,Sim,Decisor,Londres,Enterprise; fintech,Seed; Venture; Growth,,,,,https://www.indexventures.com/team/,Mapear o problema ao domínio do partner e provar por que a empresa pode definir uma categoria.,Index organiza-se por domínio e acompanha empresas em vários estágios.,https://www.indexventures.com/team/,2026-09-09,Média,Base,
PER0036,INV006,Index Ventures,Stephane Kurgan,Partner,Sim,Decisor,Londres,Gaming; consumer,Seed; Venture; Growth,,,,,https://www.indexventures.com/team/,Mapear o problema ao domínio do partner e provar por que a empresa pode definir uma categoria.,Index organiza-se por domínio e acompanha empresas em vários estágios.,https://www.indexventures.com/team/,2026-09-09,Média,Base,
PER0037,INV006,Index Ventures,Carlos Gonzalez-Cadenas,Partner,Sim,Decisor,Londres,AI; enterprise,Seed; Venture; Growth,,,,,https://www.indexventures.com/team/,Mapear o problema ao domínio do partner e provar por que a empresa pode definir uma categoria.,Index organiza-se por domínio e acompanha empresas em vários estágios.,https://www.indexventures.com/team/,2026-09-09,Média,Base,
PER0038,INV006,Index Ventures,Sofia Dolfe,Partner,Sim,Decisor,Londres,AI; enterprise,Seed; Venture; Growth,,,,,https://www.indexventures.com/team/,Mapear o problema ao domínio do partner e provar por que a empresa pode definir uma categoria.,Index organiza-se por domínio e acompanha empresas em vários estágios.,https://www.indexventures.com/team/,2026-09-09,Média,Base,
PER0039,INV006,Index Ventures,Nina Achadjian,Partner,Sim,Decisor,São Francisco,Enterprise; AI; vertical software,Seed; Venture; Growth,,,,,https://www.indexventures.com/team/,Mapear o problema ao domínio do partner e provar por que a empresa pode definir uma categoria.,Index organiza-se por domínio e acompanha empresas em vários estágios.,https://www.indexventures.com/team/,2026-09-09,Média,Base,
PER0040,INV006,Index Ventures,Jahanvi Sardana,Partner,Sim,Decisor,Nova Iorque,Fintech; infrastructure,Seed; Venture; Growth,,,,,https://www.indexventures.com/team/,Mapear o problema ao domínio do partner e provar por que a empresa pode definir uma categoria.,Index organiza-se por domínio e acompanha empresas em vários estágios.,https://www.indexventures.com/team/,2026-09-09,Média,Base,
PER0041,INV006,Index Ventures,Simon Cunningham,Investor,Rever,Equipa de investimento,Londres,Technology,Seed; Venture; Growth,,,,,https://www.indexventures.com/team/,Mapear o problema ao domínio do partner e provar por que a empresa pode definir uma categoria.,Index organiza-se por domínio e acompanha empresas em vários estágios.,https://www.indexventures.com/team/,2026-09-09,Média,Base,
PER0042,INV006,Index Ventures,Julia Andre,Investor,Rever,Equipa de investimento,Londres,AI; European tech,Seed; Venture; Growth,,,,,https://www.indexventures.com/team/,Mapear o problema ao domínio do partner e provar por que a empresa pode definir uma categoria.,Index organiza-se por domínio e acompanha empresas em vários estágios.,https://www.indexventures.com/team/,2026-09-09,Média,Base,
PER0043,INV007,Atomico,Niklas Zennström,CEO & Founding Partner,Sim,Decisor,Londres,European tech; deeptech; scale,Inception to IPO,,,,,https://20.atomico.com/,Ligar a abordagem à construção de uma empresa tecnológica global a partir da Europa.,Missão pública da Atomico e função na equipa.,https://20.atomico.com/,2026-09-09,Média,Enriquecido,
PER0044,INV007,Atomico,Ben Blume,Investment Partner,Sim,Decisor,Londres,AI; enterprise automation; physical industries,Inception to IPO,,,,,https://20.atomico.com/,Ligar a abordagem à construção de uma empresa tecnológica global a partir da Europa.,Missão pública da Atomico e função na equipa.,https://20.atomico.com/,2026-09-09,Média,Enriquecido,
PER0045,INV007,Atomico,Laura Connell,Partner,Sim,Decisor,Londres,Consumer; health; climate,Inception to IPO,,,,,https://20.atomico.com/,Ligar a abordagem à construção de uma empresa tecnológica global a partir da Europa.,Missão pública da Atomico e função na equipa.,https://20.atomico.com/,2026-09-09,Média,Base,
PER0046,INV007,Atomico,Sasha Vidiborskiy,Partner,Sim,Decisor,Londres,Enterprise; fintech,Inception to IPO,,,,,https://20.atomico.com/,Ligar a abordagem à construção de uma empresa tecnológica global a partir da Europa.,Missão pública da Atomico e função na equipa.,https://20.atomico.com/,2026-09-09,Média,Base,
PER0047,INV007,Atomico,Hillary Ball,Partner,Sim,Decisor,Londres,Venture to growth,Inception to IPO,,,,,https://20.atomico.com/,Ligar a abordagem à construção de uma empresa tecnológica global a partir da Europa.,Missão pública da Atomico e função na equipa.,https://20.atomico.com/,2026-09-09,Média,Base,
PER0048,INV007,Atomico,Joen Bonnier,Partner,Sim,Decisor,Estocolmo,Nordics; consumer; enterprise,Inception to IPO,,,,,https://20.atomico.com/,Ligar a abordagem à construção de uma empresa tecnológica global a partir da Europa.,Missão pública da Atomico e função na equipa.,https://20.atomico.com/,2026-09-09,Média,Base,
PER0049,INV008,Balderton Capital,Bernard Liautaud,Managing Partner,Sim,Decisor,Londres,Enterprise software; growth,Seed to IPO,,,,,https://www.balderton.com/team/,Mostrar por que a empresa pode ser uma campeã tecnológica europeia e qual experiência do partner é relevante.,Tese europeia e perfis públicos da equipa.,https://www.balderton.com/team/,2026-09-09,Alta,Base,
PER0050,INV008,Balderton Capital,Daniel Waterhouse,Partner,Sim,Decisor,Londres,Fusion; AI health; enterprise GTM; consumer,Seed to IPO,,,,,https://www.balderton.com/team/,Mostrar por que a empresa pode ser uma campeã tecnológica europeia e qual experiência do partner é relevante.,Tese europeia e perfis públicos da equipa.,https://www.balderton.com/team/,2026-09-09,Alta,Enriquecido,
PER0051,INV008,Balderton Capital,Rob Moffat,Partner,Sim,Decisor,Londres,Fintech; mobile consumer; vertical AI,Seed to IPO,,,,,https://www.balderton.com/team/,Mostrar por que a empresa pode ser uma campeã tecnológica europeia e qual experiência do partner é relevante.,Tese europeia e perfis públicos da equipa.,https://www.balderton.com/team/,2026-09-09,Alta,Enriquecido,
PER0052,INV008,Balderton Capital,James Wise,Partner,Sim,Decisor,Londres,Health; climate; enterprise,Seed to IPO,,,,,https://www.balderton.com/team/,Mostrar por que a empresa pode ser uma campeã tecnológica europeia e qual experiência do partner é relevante.,Tese europeia e perfis públicos da equipa.,https://www.balderton.com/team/,2026-09-09,Alta,Base,
PER0053,INV008,Balderton Capital,Rana Yared,Partner,Sim,Decisor,Londres,Fintech; growth,Seed to IPO,,,,,https://www.balderton.com/team/,Mostrar por que a empresa pode ser uma campeã tecnológica europeia e qual experiência do partner é relevante.,Tese europeia e perfis públicos da equipa.,https://www.balderton.com/team/,2026-09-09,Alta,Base,
PER0054,INV008,Balderton Capital,Greta Anderson,Managing Director,Sim,Decisor,Londres,Early stage,Seed to IPO,,,,,https://www.balderton.com/team/,Mostrar por que a empresa pode ser uma campeã tecnológica europeia e qual experiência do partner é relevante.,Tese europeia e perfis públicos da equipa.,https://www.balderton.com/team/,2026-09-09,Alta,Base,
PER0055,INV008,Balderton Capital,Elena Moneta,Managing Director,Sim,Decisor,Londres,Growth; health; SaaS; fintech,Seed to IPO,,,,,https://www.balderton.com/team/,Mostrar por que a empresa pode ser uma campeã tecnológica europeia e qual experiência do partner é relevante.,Tese europeia e perfis públicos da equipa.,https://www.balderton.com/team/,2026-09-09,Alta,Base,
PER0056,INV008,Balderton Capital,Claudia Rowe,Managing Director,Sim,Decisor,Londres,Growth,Seed to IPO,,,,,https://www.balderton.com/team/,Mostrar por que a empresa pode ser uma campeã tecnológica europeia e qual experiência do partner é relevante.,Tese europeia e perfis públicos da equipa.,https://www.balderton.com/team/,2026-09-09,Alta,Base,
PER0057,INV008,Balderton Capital,Shikha Ahluwalia,Principal,Rever,Equipa de investimento,Berlim,DACH; early stage,Seed to IPO,,,,,https://www.balderton.com/team/,Mostrar por que a empresa pode ser uma campeã tecnológica europeia e qual experiência do partner é relevante.,Tese europeia e perfis públicos da equipa.,https://www.balderton.com/team/,2026-09-09,Alta,Base,
PER0058,INV008,Balderton Capital,Sivesh Sukumar,Principal,Rever,Equipa de investimento,Londres,Technology,Seed to IPO,,,,,https://www.balderton.com/team/,Mostrar por que a empresa pode ser uma campeã tecnológica europeia e qual experiência do partner é relevante.,Tese europeia e perfis públicos da equipa.,https://www.balderton.com/team/,2026-09-09,Alta,Base,
PER0059,INV009,Cherry Ventures,Filip Dames,Founding Partner,Sim,Decisor,Berlim,Consumer; marketplaces; software,Pre-seed to Series A,,,,,https://cherry.vc/team,Usar uma anomalia concreta do mercado e o fio condutor que torna a oportunidade plausível.,Cherry publica estes três critérios como núcleo da avaliação.,https://cherry.vc/about,2026-09-09,Alta,Base,
PER0060,INV009,Cherry Ventures,Christian Meermann,Founding Partner,Sim,Decisor,Berlim,Consumer; SaaS,Pre-seed to Series A,,,,,https://cherry.vc/team,Usar uma anomalia concreta do mercado e o fio condutor que torna a oportunidade plausível.,Cherry publica estes três critérios como núcleo da avaliação.,https://cherry.vc/about,2026-09-09,Alta,Base,
PER0061,INV009,Cherry Ventures,Dinika Mahtani,Partner,Sim,Decisor,Londres,B2B; fintech; marketplaces,Pre-seed to Series A,,,,,https://cherry.vc/team,Usar uma anomalia concreta do mercado e o fio condutor que torna a oportunidade plausível.,Cherry publica estes três critérios como núcleo da avaliação.,https://cherry.vc/about,2026-09-09,Alta,Base,
PER0062,INV009,Cherry Ventures,Sophia Bendz,Partner,Sim,Decisor,Estocolmo,Consumer; brand; marketplaces,Pre-seed to Series A,,,,,https://cherry.vc/team,Usar uma anomalia concreta do mercado e o fio condutor que torna a oportunidade plausível.,Cherry publica estes três critérios como núcleo da avaliação.,https://cherry.vc/about,2026-09-09,Alta,Enriquecido,
PER0063,INV009,Cherry Ventures,Victor Huerbe,Principal,Rever,Equipa de investimento,Berlim,Technology,Pre-seed to Series A,,,,,https://cherry.vc/team,Usar uma anomalia concreta do mercado e o fio condutor que torna a oportunidade plausível.,Cherry publica estes três critérios como núcleo da avaliação.,https://cherry.vc/about,2026-09-09,Alta,Base,
PER0064,INV009,Cherry Ventures,Nadja Reischel,Principal,Rever,Equipa de investimento,Londres,Technology,Pre-seed to Series A,,,,,https://cherry.vc/team,Usar uma anomalia concreta do mercado e o fio condutor que torna a oportunidade plausível.,Cherry publica estes três critérios como núcleo da avaliação.,https://cherry.vc/about,2026-09-09,Alta,Base,
PER0065,INV009,Cherry Ventures,Lily Petherick,Investor,Rever,Equipa de investimento,Londres,Technology,Pre-seed to Series A,,,,,https://cherry.vc/team,Usar uma anomalia concreta do mercado e o fio condutor que torna a oportunidade plausível.,Cherry publica estes três critérios como núcleo da avaliação.,https://cherry.vc/about,2026-09-09,Alta,Base,
PER0066,INV009,Cherry Ventures,Julius de Gruyter,Investor,Rever,Equipa de investimento,Berlim,Technology,Pre-seed to Series A,,,,,https://cherry.vc/team,Usar uma anomalia concreta do mercado e o fio condutor que torna a oportunidade plausível.,Cherry publica estes três critérios como núcleo da avaliação.,https://cherry.vc/about,2026-09-09,Alta,Base,
PER0067,INV009,Cherry Ventures,Patrick Doran,Investor,Rever,Equipa de investimento,Londres,Technology,Pre-seed to Series A,,,,,https://cherry.vc/team,Usar uma anomalia concreta do mercado e o fio condutor que torna a oportunidade plausível.,Cherry publica estes três critérios como núcleo da avaliação.,https://cherry.vc/about,2026-09-09,Alta,Base,
PER0068,INV010,Creandum,Staffan Helgesson,Partner,Sim,Decisor,Estocolmo,SaaS; climate; electrification,Early stage,,,,,https://creandum.com/team/,Referir a tese setorial pessoal e demonstrar aprendizagem rápida no problema.,Perfis públicos detalham interesses e experiências individuais.,https://creandum.com/team/,2026-09-09,Alta,Enriquecido,
PER0069,INV010,Creandum,Carl Fritjofsson,Partner,Sim,Decisor,São Francisco,AI infra; vertical AI; consumer,Early stage,,,,,https://creandum.com/team/,Referir a tese setorial pessoal e demonstrar aprendizagem rápida no problema.,Perfis públicos detalham interesses e experiências individuais.,https://creandum.com/team/,2026-09-09,Alta,Enriquecido,
PER0070,INV010,Creandum,Fredrik Cassel,Partner,Sim,Decisor,Estocolmo,Software; fintech,Early stage,,,,,https://creandum.com/team/,Referir a tese setorial pessoal e demonstrar aprendizagem rápida no problema.,Perfis públicos detalham interesses e experiências individuais.,https://creandum.com/team/,2026-09-09,Alta,Base,
PER0071,INV010,Creandum,Simon Schmincke,Partner,Sim,Decisor,Berlim,AI; enterprise,Early stage,,,,,https://creandum.com/team/,Referir a tese setorial pessoal e demonstrar aprendizagem rápida no problema.,Perfis públicos detalham interesses e experiências individuais.,https://creandum.com/team/,2026-09-09,Alta,Base,
PER0072,INV010,Creandum,Peter Specht,Partner,Sim,Decisor,Londres,SaaS; fintech,Early stage,,,,,https://creandum.com/team/,Referir a tese setorial pessoal e demonstrar aprendizagem rápida no problema.,Perfis públicos detalham interesses e experiências individuais.,https://creandum.com/team/,2026-09-09,Alta,Base,
PER0073,INV010,Creandum,Jakob Stein,Partner,Sim,Decisor,Berlim,Enterprise AI; compute; physical AI,Early stage,,,,,https://creandum.com/team/,Referir a tese setorial pessoal e demonstrar aprendizagem rápida no problema.,Perfis públicos detalham interesses e experiências individuais.,https://creandum.com/team/,2026-09-09,Alta,Enriquecido,
PER0074,INV010,Creandum,Clara Leise,Investment Team,Rever,Equipa de investimento,Berlim,Climate; deeptech,Early stage,,,,,https://creandum.com/team/,Referir a tese setorial pessoal e demonstrar aprendizagem rápida no problema.,Perfis públicos detalham interesses e experiências individuais.,https://creandum.com/team/,2026-09-09,Alta,Base,
PER0075,INV010,Creandum,Cam Sellers,Investment Team,Rever,Equipa de investimento,Londres,Technology,Early stage,,,,,https://creandum.com/team/,Referir a tese setorial pessoal e demonstrar aprendizagem rápida no problema.,Perfis públicos detalham interesses e experiências individuais.,https://creandum.com/team/,2026-09-09,Alta,Base,
PER0076,INV010,Creandum,Hanel Baveja,Investment Team,Rever,Equipa de investimento,Londres,Technology,Early stage,,,,,https://creandum.com/team/,Referir a tese setorial pessoal e demonstrar aprendizagem rápida no problema.,Perfis públicos detalham interesses e experiências individuais.,https://creandum.com/team/,2026-09-09,Alta,Base,
PER0077,INV010,Creandum,Richard Keuntje,Vice President,Rever,Influenciador,Londres,Enterprise software; AI,Early stage,,,,,https://creandum.com/team/,Referir a tese setorial pessoal e demonstrar aprendizagem rápida no problema.,Perfis públicos detalham interesses e experiências individuais.,https://creandum.com/team/,2026-09-09,Alta,Enriquecido,
PER0078,INV010,Creandum,Sarah Otter,Investment Team,Rever,Equipa de investimento,Londres,Technology,Early stage,,,,,https://creandum.com/team/,Referir a tese setorial pessoal e demonstrar aprendizagem rápida no problema.,Perfis públicos detalham interesses e experiências individuais.,https://creandum.com/team/,2026-09-09,Alta,Base,
PER0079,INV010,Creandum,Maria Raga,Venture Partner,Rever,Influenciador,Londres,Consumer; brand; company building,Early stage,,,,,https://creandum.com/team/,Referir a tese setorial pessoal e demonstrar aprendizagem rápida no problema.,Perfis públicos detalham interesses e experiências individuais.,https://creandum.com/team/,2026-09-09,Alta,Enriquecido,
PER0080,INV011,Northzone,Jeppe Zink,Partner,Sim,Decisor,Londres,Enterprise; fintech,Early stage; Growth,,,,,https://northzone.com/team,Apresentar uma hipótese explícita sobre a mudança estrutural que cria a oportunidade.,Northzone descreve abordagem hypothesis-led em conteúdos e perfis.,https://northzone.com/team,2026-09-09,Alta,Base,
PER0081,INV011,Northzone,Jessica Schultz,Partner,Sim,Decisor,Estocolmo,Consumer; health,Early stage; Growth,,,,,https://northzone.com/team,Apresentar uma hipótese explícita sobre a mudança estrutural que cria a oportunidade.,Northzone descreve abordagem hypothesis-led em conteúdos e perfis.,https://northzone.com/team,2026-09-09,Alta,Base,
PER0082,INV011,Northzone,Michiel Kotting,Partner,Sim,Decisor,Amesterdão,Enterprise software; AI,Early stage; Growth,,,,,https://northzone.com/team,Apresentar uma hipótese explícita sobre a mudança estrutural que cria a oportunidade.,Northzone descreve abordagem hypothesis-led em conteúdos e perfis.,https://northzone.com/team,2026-09-09,Alta,Base,
PER0083,INV011,Northzone,Pär-Jörgen Pärson,Partner,Sim,Decisor,Estocolmo / Nova Iorque,Energy transition; health; consumer; AI,Early stage; Growth,,,,,https://northzone.com/team,Apresentar uma hipótese explícita sobre a mudança estrutural que cria a oportunidade.,Northzone descreve abordagem hypothesis-led em conteúdos e perfis.,https://northzone.com/team,2026-09-09,Alta,Enriquecido,
PER0084,INV011,Northzone,Sam Endacott,Partner,Sim,Decisor,Londres,Consumer; software,Early stage; Growth,,,,,https://northzone.com/team,Apresentar uma hipótese explícita sobre a mudança estrutural que cria a oportunidade.,Northzone descreve abordagem hypothesis-led em conteúdos e perfis.,https://northzone.com/team,2026-09-09,Alta,Base,
PER0085,INV011,Northzone,Sanjot Malhi,Partner,Sim,Decisor,Londres,Growth; AI; fintech; software,Early stage; Growth,,,,,https://northzone.com/team,Apresentar uma hipótese explícita sobre a mudança estrutural que cria a oportunidade.,Northzone descreve abordagem hypothesis-led em conteúdos e perfis.,https://northzone.com/team,2026-09-09,Alta,Enriquecido,
PER0086,INV011,Northzone,Wendy Xiao,Partner,Sim,Decisor,Nova Iorque,Health; enterprise,Early stage; Growth,,,,,https://northzone.com/team,Apresentar uma hipótese explícita sobre a mudança estrutural que cria a oportunidade.,Northzone descreve abordagem hypothesis-led em conteúdos e perfis.,https://northzone.com/team,2026-09-09,Alta,Base,
PER0087,INV011,Northzone,Molly Alter,Partner,Sim,Decisor,Nova Iorque,Consumer; fintech,Early stage; Growth,,,,,https://northzone.com/team,Apresentar uma hipótese explícita sobre a mudança estrutural que cria a oportunidade.,Northzone descreve abordagem hypothesis-led em conteúdos e perfis.,https://northzone.com/team,2026-09-09,Alta,Base,
PER0088,INV011,Northzone,Elena Pantazi,Partner & Head of Platform,Rever,Influenciador,Londres,Platform; portfolio support,Early stage; Growth,,,,,https://northzone.com/team,Apresentar uma hipótese explícita sobre a mudança estrutural que cria a oportunidade.,Northzone descreve abordagem hypothesis-led em conteúdos e perfis.,https://northzone.com/team,2026-09-09,Alta,Base,
PER0089,INV011,Northzone,Dominik Esen,Principal,Rever,Equipa de investimento,Estocolmo,Technology,Early stage; Growth,,,,,https://northzone.com/team,Apresentar uma hipótese explícita sobre a mudança estrutural que cria a oportunidade.,Northzone descreve abordagem hypothesis-led em conteúdos e perfis.,https://northzone.com/team,2026-09-09,Alta,Base,
PER0090,INV011,Northzone,Manavi Mehra,Vice President,Rever,Equipa de investimento,Londres,Technology,Early stage; Growth,,,,,https://northzone.com/team,Apresentar uma hipótese explícita sobre a mudança estrutural que cria a oportunidade.,Northzone descreve abordagem hypothesis-led em conteúdos e perfis.,https://northzone.com/team,2026-09-09,Alta,Base,
PER0091,INV011,Northzone,Paul Murphy,General Partner,Sim,Decisor,Londres,Consumer; entertainment; enterprise apps,Early stage; Growth,,,,,https://northzone.com/team,Apresentar uma hipótese explícita sobre a mudança estrutural que cria a oportunidade.,Northzone descreve abordagem hypothesis-led em conteúdos e perfis.,https://northzone.com/team,2026-09-09,Alta,Enriquecido,
PER0092,INV012,Project A,Anton Waitz,General Partner,Sim,Decisor,Berlim,Venture investments,Pre-seed; Seed; Series A,,,,,https://www.project-a.com/team/,Ligar o pedido de capital a um plano operacional específico onde a equipa da Project A acrescente valor.,Modelo público de VC operacional e áreas individuais.,https://www.project-a.com/team/,2026-09-09,Alta,Base,
PER0093,INV012,Project A,Uwe Horstmann,General Partner,Sim,Decisor,Berlim,Dealflow; venture investments,Pre-seed; Seed; Series A,,,,,https://www.project-a.com/team/,Ligar o pedido de capital a um plano operacional específico onde a equipa da Project A acrescente valor.,Modelo público de VC operacional e áreas individuais.,https://www.project-a.com/team/,2026-09-09,Alta,Enriquecido,
PER0094,INV012,Project A,Florian Heinemann,General Partner,Sim,Decisor,Berlim,Marketing; CRM; business intelligence,Pre-seed; Seed; Series A,,,,,https://www.project-a.com/team/,Ligar o pedido de capital a um plano operacional específico onde a equipa da Project A acrescente valor.,Modelo público de VC operacional e áreas individuais.,https://www.project-a.com/team/,2026-09-09,Alta,Enriquecido,
PER0095,INV012,Project A,Thies Sander,General Partner,Sim,Decisor,Berlim,Investor relations; company building,Pre-seed; Seed; Series A,,,,,https://www.project-a.com/team/,Ligar o pedido de capital a um plano operacional específico onde a equipa da Project A acrescente valor.,Modelo público de VC operacional e áreas individuais.,https://www.project-a.com/team/,2026-09-09,Alta,Base,
PER0096,INV012,Project A,Ben Fischer,General Partner,Sim,Decisor,Berlim,Operational support; finance; legal,Pre-seed; Seed; Series A,,,,,https://www.project-a.com/team/,Ligar o pedido de capital a um plano operacional específico onde a equipa da Project A acrescente valor.,Modelo público de VC operacional e áreas individuais.,https://www.project-a.com/team/,2026-09-09,Alta,Base,
PER0097,INV012,Project A,Jack Wang,Partner & MD UK,Sim,Decisor,Londres,Resilience & Defence,Pre-seed; Seed; Series A,,,,,https://www.project-a.com/team/,Ligar o pedido de capital a um plano operacional específico onde a equipa da Project A acrescente valor.,Modelo público de VC operacional e áreas individuais.,https://www.project-a.com/team/,2026-09-09,Alta,Base,
PER0098,INV012,Project A,Malin Posern,Partner & MD UK,Sim,Decisor,Londres,Financial Technology; consumer; SaaS,Pre-seed; Seed; Series A,,,,,https://www.project-a.com/team/,Ligar o pedido de capital a um plano operacional específico onde a equipa da Project A acrescente valor.,Modelo público de VC operacional e áreas individuais.,https://www.project-a.com/team/,2026-09-09,Alta,Enriquecido,
PER0099,INV012,Project A,Philipp Werner,Partner,Sim,Decisor,Colónia,Supply chain; logistics; energy; construction; sales tech,Pre-seed; Seed; Series A,,,,,https://www.project-a.com/team/,Ligar o pedido de capital a um plano operacional específico onde a equipa da Project A acrescente valor.,Modelo público de VC operacional e áreas individuais.,https://www.project-a.com/team/,2026-09-09,Alta,Enriquecido,
PER0100,INV012,Project A,Mila Cramer,Principal,Rever,Equipa de investimento,Berlim,Climate & Energy,Pre-seed; Seed; Series A,,,,,https://www.project-a.com/team/,Ligar o pedido de capital a um plano operacional específico onde a equipa da Project A acrescente valor.,Modelo público de VC operacional e áreas individuais.,https://www.project-a.com/team/,2026-09-09,Alta,Base,
PER0101,INV012,Project A,Andrea Emanuelli,Principal,Rever,Equipa de investimento,Berlim,Technology,Pre-seed; Seed; Series A,,,,,https://www.project-a.com/team/,Ligar o pedido de capital a um plano operacional específico onde a equipa da Project A acrescente valor.,Modelo público de VC operacional e áreas individuais.,https://www.project-a.com/team/,2026-09-09,Alta,Base,
PER0102,INV013,Dawn Capital,Josh Bell,General Partner,Sim,Decisor,Londres,Fintech; financial software,Series A; Series B,,,,,https://www.dawncapital.com/team,Referir o problema estrutural do cliente e por que uma mudança tecnológica torna a solução inevitável agora.,"Bios dos partners descrevem tese, decisões e investimentos.",https://www.dawncapital.com/team,2026-09-09,Alta,Enriquecido,
PER0103,INV013,Dawn Capital,Norman Fiore,General Partner,Sim,Decisor,Londres,Automation; data; security; vertical software,Series A; Series B,,,,,https://www.dawncapital.com/team,Referir o problema estrutural do cliente e por que uma mudança tecnológica torna a solução inevitável agora.,"Bios dos partners descrevem tese, decisões e investimentos.",https://www.dawncapital.com/team,2026-09-09,Alta,Enriquecido,
PER0104,INV013,Dawn Capital,Evgenia Plotnikova,General Partner,Sim,Decisor,Londres,AI; infrastructure; automation,Series A; Series B,,,,,https://www.dawncapital.com/team,Referir o problema estrutural do cliente e por que uma mudança tecnológica torna a solução inevitável agora.,"Bios dos partners descrevem tese, decisões e investimentos.",https://www.dawncapital.com/team,2026-09-09,Alta,Enriquecido,
PER0105,INV013,Dawn Capital,Haakon Overli,General Partner,Sim,Decisor,Londres,B2B software,Series A; Series B,,,,,https://www.dawncapital.com/team,Referir o problema estrutural do cliente e por que uma mudança tecnológica torna a solução inevitável agora.,"Bios dos partners descrevem tese, decisões e investimentos.",https://www.dawncapital.com/team,2026-09-09,Alta,Base,
PER0106,INV013,Dawn Capital,Shamillah Bankiya,Partner,Sim,Decisor,Londres,AI; infrastructure; automation,Series A; Series B,,,,,https://www.dawncapital.com/team,Referir o problema estrutural do cliente e por que uma mudança tecnológica torna a solução inevitável agora.,"Bios dos partners descrevem tese, decisões e investimentos.",https://www.dawncapital.com/team,2026-09-09,Alta,Enriquecido,
PER0107,INV013,Dawn Capital,Dan Chaplin,Partner,Sim,Decisor,Londres,Automation; vertical software; fintech,Series A; Series B,,,,,https://www.dawncapital.com/team,Referir o problema estrutural do cliente e por que uma mudança tecnológica torna a solução inevitável agora.,"Bios dos partners descrevem tese, decisões e investimentos.",https://www.dawncapital.com/team,2026-09-09,Alta,Enriquecido,
PER0108,INV013,Dawn Capital,Henry Mason,Partner,Sim,Decisor,Londres,B2B software,Series A; Series B,,,,,https://www.dawncapital.com/team,Referir o problema estrutural do cliente e por que uma mudança tecnológica torna a solução inevitável agora.,"Bios dos partners descrevem tese, decisões e investimentos.",https://www.dawncapital.com/team,2026-09-09,Alta,Base,
PER0109,INV013,Dawn Capital,Daniela Raffel Torrebiarte,Investment Team,Rever,Equipa de investimento,Londres,B2B software,Series A; Series B,,,,,https://www.dawncapital.com/team,Referir o problema estrutural do cliente e por que uma mudança tecnológica torna a solução inevitável agora.,"Bios dos partners descrevem tese, decisões e investimentos.",https://www.dawncapital.com/team,2026-09-09,Alta,Base,
PER0110,INV013,Dawn Capital,Zoe Qin,Vice President,Rever,Equipa de investimento,Londres,Data; AI,Series A; Series B,,,,,https://www.dawncapital.com/team,Referir o problema estrutural do cliente e por que uma mudança tecnológica torna a solução inevitável agora.,"Bios dos partners descrevem tese, decisões e investimentos.",https://www.dawncapital.com/team,2026-09-09,Alta,Base,
PER0111,INV013,Dawn Capital,Roméo Walter,Investment Team,Rever,Equipa de investimento,Londres,B2B software,Series A; Series B,,,,,https://www.dawncapital.com/team,Referir o problema estrutural do cliente e por que uma mudança tecnológica torna a solução inevitável agora.,"Bios dos partners descrevem tese, decisões e investimentos.",https://www.dawncapital.com/team,2026-09-09,Alta,Base,
PER0112,INV014,Octopus Ventures,Paul Davidson,Partner,Sim,Decisor,Londres,B2B SaaS; cybersecurity; AI; data; infrastructure; MarTech,Pre-seed to Growth,,,,,https://octopusventures.com/,Ligar o produto ao conhecimento setorial da equipa e aos marcos que a empresa precisa atingir no próximo ano.,Perfis da equipa e modelo de apoio especializado.,https://octopusventures.com/,2026-09-09,Alta,Enriquecido,
PER0113,INV014,Octopus Ventures,Will Gibbs,Partner,Sim,Decisor,Londres,Health; digital therapeutics; US expansion,Pre-seed to Growth,,,,,https://octopusventures.com/,Ligar o produto ao conhecimento setorial da equipa e aos marcos que a empresa precisa atingir no próximo ano.,Perfis da equipa e modelo de apoio especializado.,https://octopusventures.com/,2026-09-09,Alta,Enriquecido,
PER0114,INV014,Octopus Ventures,Tosin Agbabiaka,Principal,Rever,Equipa de investimento,Londres,Fintech,Pre-seed to Growth,,,,,https://octopusventures.com/,Ligar o produto ao conhecimento setorial da equipa e aos marcos que a empresa precisa atingir no próximo ano.,Perfis da equipa e modelo de apoio especializado.,https://octopusventures.com/,2026-09-09,Alta,Enriquecido,
PER0115,INV014,Octopus Ventures,Santiago Fernandez,Investment Manager,Rever,Equipa de investimento,Londres,Growth fintech; AI; SaaS,Pre-seed to Growth,,,,,https://octopusventures.com/,Ligar o produto ao conhecimento setorial da equipa e aos marcos que a empresa precisa atingir no próximo ano.,Perfis da equipa e modelo de apoio especializado.,https://octopusventures.com/,2026-09-09,Alta,Enriquecido,
PER0116,INV014,Octopus Ventures,Theo Xydas,Principal,Rever,Equipa de investimento,Londres,Growth fintech; AI-enabled services,Pre-seed to Growth,,,,,https://octopusventures.com/,Ligar o produto ao conhecimento setorial da equipa e aos marcos que a empresa precisa atingir no próximo ano.,Perfis da equipa e modelo de apoio especializado.,https://octopusventures.com/,2026-09-09,Alta,Enriquecido,
PER0117,INV014,Octopus Ventures,Angel Issa,Investor,Rever,Equipa de investimento,Londres,Fintech,Pre-seed to Growth,,,,,https://octopusventures.com/,Ligar o produto ao conhecimento setorial da equipa e aos marcos que a empresa precisa atingir no próximo ano.,Perfis da equipa e modelo de apoio especializado.,https://octopusventures.com/,2026-09-09,Alta,Base,
PER0118,INV014,Octopus Ventures,Zihao Xu,Investor,Rever,Equipa de investimento,Londres,Fintech,Pre-seed to Growth,,,,,https://octopusventures.com/,Ligar o produto ao conhecimento setorial da equipa e aos marcos que a empresa precisa atingir no próximo ano.,Perfis da equipa e modelo de apoio especializado.,https://octopusventures.com/,2026-09-09,Alta,Base,
PER0119,INV014,Octopus Ventures,Constanza Diaz,Investor,Rever,Equipa de investimento,Londres,B2B Software; cyber,Pre-seed to Growth,,,,,https://octopusventures.com/,Ligar o produto ao conhecimento setorial da equipa e aos marcos que a empresa precisa atingir no próximo ano.,Perfis da equipa e modelo de apoio especializado.,https://octopusventures.com/,2026-09-09,Alta,Base,
PER0120,INV015,Notion Capital,Jos White,General Partner,Sim,Decisor,Londres,B2B SaaS; scaling; AI,Series A; Growth,,,,,https://www.notion.vc/our-team/,Mostrar domínio das métricas SaaS e uma hipótese concreta de category design ou product-led growth.,Biblioteca pública da Notion contém conteúdo individual sobre estes temas.,https://www.notion.vc/library,2026-09-09,Média,Enriquecido,
PER0121,INV015,Notion Capital,Stephen Chandler,Managing Partner,Sim,Decisor,Londres,B2B SaaS; growth,Series A; Growth,,,,,https://www.notion.vc/our-team/,Mostrar domínio das métricas SaaS e uma hipótese concreta de category design ou product-led growth.,Biblioteca pública da Notion contém conteúdo individual sobre estes temas.,https://www.notion.vc/library,2026-09-09,Média,Base,
PER0122,INV015,Notion Capital,Itxaso del Palacio,General Partner,Sim,Decisor,Londres,Product-led growth; software; AI,Series A; Growth,,,,,https://www.notion.vc/our-team/,Mostrar domínio das métricas SaaS e uma hipótese concreta de category design ou product-led growth.,Biblioteca pública da Notion contém conteúdo individual sobre estes temas.,https://www.notion.vc/library,2026-09-09,Média,Enriquecido,
PER0123,INV015,Notion Capital,Patrick Norris,General Partner,Sim,Decisor,Londres,B2B SaaS; industrial; defence; fintech,Series A; Growth,,,,,https://www.notion.vc/our-team/,Mostrar domínio das métricas SaaS e uma hipótese concreta de category design ou product-led growth.,Biblioteca pública da Notion contém conteúdo individual sobre estes temas.,https://www.notion.vc/library,2026-09-09,Média,Enriquecido,
PER0124,INV015,Notion Capital,Kamil Mieczakowski,Partner,Sim,Decisor,Londres,AI; B2B software; physical AI,Series A; Growth,,,,,https://www.notion.vc/our-team/,Mostrar domínio das métricas SaaS e uma hipótese concreta de category design ou product-led growth.,Biblioteca pública da Notion contém conteúdo individual sobre estes temas.,https://www.notion.vc/library,2026-09-09,Média,Enriquecido,
PER0125,INV015,Notion Capital,Stephen Millard,Operating Partner & Chief Platform Officer,Rever,Influenciador,Londres,Scaling; leadership; GTM,Series A; Growth,,,,,https://www.notion.vc/our-team/,Mostrar domínio das métricas SaaS e uma hipótese concreta de category design ou product-led growth.,Biblioteca pública da Notion contém conteúdo individual sobre estes temas.,https://www.notion.vc/library,2026-09-09,Média,Base,
PER0126,INV016,Nauta Capital,Carles Ferrer,General Partner,Sim,Decisor,Londres,Security; SaaS; marketing analytics; data,Seed+; Series A,,,,,https://www.nautacapital.com/team,"Mostrar produto operacional, dor B2B clara e uma wedge plausível para expansão europeia.",Tese e bios públicas da Nauta.,https://www.nautacapital.com/team,2026-09-09,Alta,Enriquecido,
PER0127,INV016,Nauta Capital,Jordi Viñas,General Partner,Sim,Decisor,Barcelona,B2B software,Seed+; Series A,,,,,https://www.nautacapital.com/team,"Mostrar produto operacional, dor B2B clara e uma wedge plausível para expansão europeia.",Tese e bios públicas da Nauta.,https://www.nautacapital.com/team,2026-09-09,Alta,Base,
PER0128,INV016,Nauta Capital,Borja Breña,Partner,Sim,Decisor,Barcelona / Madrid,Spain & Portugal; software,Seed+; Series A,,,,,https://www.nautacapital.com/team,"Mostrar produto operacional, dor B2B clara e uma wedge plausível para expansão europeia.",Tese e bios públicas da Nauta.,https://www.nautacapital.com/team,2026-09-09,Alta,Enriquecido,
PER0129,INV016,Nauta Capital,Conor Scanlan,Associate Partner,Sim,Decisor,Londres,Seed+; Series A B2B software,Seed+; Series A,,,,,https://www.nautacapital.com/team,"Mostrar produto operacional, dor B2B clara e uma wedge plausível para expansão europeia.",Tese e bios públicas da Nauta.,https://www.nautacapital.com/team,2026-09-09,Alta,Enriquecido,
PER0130,INV016,Nauta Capital,Andrea Oliver,Principal,Rever,Equipa de investimento,Barcelona,B2B software,Seed+; Series A,,,,,https://www.nautacapital.com/team,"Mostrar produto operacional, dor B2B clara e uma wedge plausível para expansão europeia.",Tese e bios públicas da Nauta.,https://www.nautacapital.com/team,2026-09-09,Alta,Base,
PER0131,INV016,Nauta Capital,Theo Wethered,Principal,Rever,Equipa de investimento,Londres,AI; data; fintech; supply chain; web3,Seed+; Series A,,,,,https://www.nautacapital.com/team,"Mostrar produto operacional, dor B2B clara e uma wedge plausível para expansão europeia.",Tese e bios públicas da Nauta.,https://www.nautacapital.com/team,2026-09-09,Alta,Enriquecido,
PER0132,INV016,Nauta Capital,Ana Fernandez,Investment Associate,Rever,Equipa de investimento,Londres,B2B software,Seed+; Series A,,,,,https://www.nautacapital.com/team,"Mostrar produto operacional, dor B2B clara e uma wedge plausível para expansão europeia.",Tese e bios públicas da Nauta.,https://www.nautacapital.com/team,2026-09-09,Alta,Base,
PER0133,INV016,Nauta Capital,Stella Buhalis,Investment Associate,Rever,Equipa de investimento,Londres,Fintech; future of work; healthcare; RevOps,Seed+; Series A,,,,,https://www.nautacapital.com/team,"Mostrar produto operacional, dor B2B clara e uma wedge plausível para expansão europeia.",Tese e bios públicas da Nauta.,https://www.nautacapital.com/team,2026-09-09,Alta,Enriquecido,
PER0134,INV016,Nauta Capital,Arthur Sbert,Investment Associate,Rever,Equipa de investimento,Barcelona,Fintech; SaaS,Seed+; Series A,,,,,https://www.nautacapital.com/team,"Mostrar produto operacional, dor B2B clara e uma wedge plausível para expansão europeia.",Tese e bios públicas da Nauta.,https://www.nautacapital.com/team,2026-09-09,Alta,Base,
PER0135,INV017,K Fund,Iñaki Arrola,General Partner,Sim,Decisor,Madrid,Marketplaces; founder-led companies,Pre-seed to Series A+,,,,,https://www.kfund.vc/team,Ser contrarian com prova: explicar o insight não óbvio e como a equipa valida tecnologia e produto.,Posicionamento público e guia de due diligence técnica.,https://www.kfund.vc/team,2026-09-09,Alta,Enriquecido,
PER0136,INV017,K Fund,Carina Szpilka,General Partner,Sim,Decisor,Madrid,Fintech; customer-centric companies,Pre-seed to Series A+,,,,,https://www.kfund.vc/team,Ser contrarian com prova: explicar o insight não óbvio e como a equipa valida tecnologia e produto.,Posicionamento público e guia de due diligence técnica.,https://www.kfund.vc/team,2026-09-09,Alta,Enriquecido,
PER0137,INV017,K Fund,Pablo Ventura,Partner,Sim,Decisor,Madrid,Dual-use; AI software for SMEs,Pre-seed to Series A+,,,,,https://www.kfund.vc/team,Ser contrarian com prova: explicar o insight não óbvio e como a equipa valida tecnologia e produto.,Posicionamento público e guia de due diligence técnica.,https://www.kfund.vc/team,2026-09-09,Alta,Enriquecido,
PER0138,INV017,K Fund,Marc Clemente,Partner,Sim,Decisor,Madrid,Technology,Pre-seed to Series A+,,,,,https://www.kfund.vc/team,Ser contrarian com prova: explicar o insight não óbvio e como a equipa valida tecnologia e produto.,Posicionamento público e guia de due diligence técnica.,https://www.kfund.vc/team,2026-09-09,Alta,Base,
PER0139,INV017,K Fund,Jaime Novoa,Partner,Sim,Decisor,Madrid,Spanish ecosystem; SaaS,Pre-seed to Series A+,,,,,https://www.kfund.vc/team,Ser contrarian com prova: explicar o insight não óbvio e como a equipa valida tecnologia e produto.,Posicionamento público e guia de due diligence técnica.,https://www.kfund.vc/team,2026-09-09,Alta,Enriquecido,
PER0140,INV017,K Fund,Gustavo Ribas,Venture Partner,Rever,Influenciador,São Paulo,LatAm; fintech; deeptech,Pre-seed to Series A+,,,,,https://www.kfund.vc/team,Ser contrarian com prova: explicar o insight não óbvio e como a equipa valida tecnologia e produto.,Posicionamento público e guia de due diligence técnica.,https://www.kfund.vc/team,2026-09-09,Alta,Base,
PER0141,INV017,K Fund,Borja Santos,Investment Team,Rever,Equipa de investimento,Madrid,Fintech; GTM; scaling,Pre-seed to Series A+,,,,,https://www.kfund.vc/team,Ser contrarian com prova: explicar o insight não óbvio e como a equipa valida tecnologia e produto.,Posicionamento público e guia de due diligence técnica.,https://www.kfund.vc/team,2026-09-09,Alta,Base,
PER0142,INV017,K Fund,Sergio Álvarez Leiva,Partner,Sim,Decisor,Madrid,Data; people; product,Pre-seed to Series A+,,,,,https://www.kfund.vc/team,Ser contrarian com prova: explicar o insight não óbvio e como a equipa valida tecnologia e produto.,Posicionamento público e guia de due diligence técnica.,https://www.kfund.vc/team,2026-09-09,Alta,Base,
PER0143,INV018,Samaipata,José del Barrio,Founding Partner,Sim,Decisor,Madrid,Marketplaces; network effects,Pre-seed; Seed,,,,,https://www.samaipata.vc/samaipata-team,"Quantificar o efeito de rede, a defensibilidade e o caminho para €100m+ de receita ou margem.",Founders Q&A publica critérios explícitos.,https://www.samaipata.vc/post/the-founders-q-a,2026-09-09,Alta,Enriquecido,
PER0144,INV018,Samaipata,Eduardo Diez-Hochleitner,Founding Partner & Chairman,Sim,Decisor,Madrid,Strategy; company building,Pre-seed; Seed,,,,,https://www.samaipata.vc/samaipata-team,"Quantificar o efeito de rede, a defensibilidade e o caminho para €100m+ de receita ou margem.",Founders Q&A publica critérios explícitos.,https://www.samaipata.vc/post/the-founders-q-a,2026-09-09,Alta,Base,
PER0145,INV018,Samaipata,Luis Garay,Partner,Sim,Decisor,Madrid,AI; network effects; European tech,Pre-seed; Seed,,,,,https://www.samaipata.vc/samaipata-team,"Quantificar o efeito de rede, a defensibilidade e o caminho para €100m+ de receita ou margem.",Founders Q&A publica critérios explícitos.,https://www.samaipata.vc/post/the-founders-q-a,2026-09-09,Alta,Enriquecido,
PER0146,INV018,Samaipata,Alberto Cuevas,Partner,Sim,Decisor,Madrid,Technology,Pre-seed; Seed,,,,,https://www.samaipata.vc/samaipata-team,"Quantificar o efeito de rede, a defensibilidade e o caminho para €100m+ de receita ou margem.",Founders Q&A publica critérios explícitos.,https://www.samaipata.vc/post/the-founders-q-a,2026-09-09,Alta,Base,
PER0147,INV018,Samaipata,Pablo Ferreras,Partner - COO/CFO,Sim,Decisor,Madrid,Finance; operations,Pre-seed; Seed,,,,,https://www.samaipata.vc/samaipata-team,"Quantificar o efeito de rede, a defensibilidade e o caminho para €100m+ de receita ou margem.",Founders Q&A publica critérios explícitos.,https://www.samaipata.vc/post/the-founders-q-a,2026-09-09,Alta,Base,
PER0148,INV018,Samaipata,Íñigo Laucirica,Principal,Rever,Equipa de investimento,Madrid,Technology,Pre-seed; Seed,,,,,https://www.samaipata.vc/samaipata-team,"Quantificar o efeito de rede, a defensibilidade e o caminho para €100m+ de receita ou margem.",Founders Q&A publica critérios explícitos.,https://www.samaipata.vc/post/the-founders-q-a,2026-09-09,Alta,Base,
PER0149,INV018,Samaipata,Irene Gentili,Investment Manager,Rever,Equipa de investimento,Paris,Technology,Pre-seed; Seed,,,,,https://www.samaipata.vc/samaipata-team,"Quantificar o efeito de rede, a defensibilidade e o caminho para €100m+ de receita ou margem.",Founders Q&A publica critérios explícitos.,https://www.samaipata.vc/post/the-founders-q-a,2026-09-09,Alta,Base,
PER0150,INV018,Samaipata,Carmen Sánchez,Investment Associate,Rever,Equipa de investimento,Madrid,Technology,Pre-seed; Seed,,,,,https://www.samaipata.vc/samaipata-team,"Quantificar o efeito de rede, a defensibilidade e o caminho para €100m+ de receita ou margem.",Founders Q&A publica critérios explícitos.,https://www.samaipata.vc/post/the-founders-q-a,2026-09-09,Alta,Base,
PER0151,INV019,Portugal Ventures,Marco Neves,President / CEO,Sim,Decisor,Portugal,Estratégia institucional,Pre-seed to Series A,Banca; investimento; entidades públicas,,,,https://www.portugalventures.pt/en/news/new-leadership-for-the-2025-2027-triennium/,Enquadrar a empresa na missão de internacionalização e no instrumento/fundo certo.,Nova liderança 2025–2027 e missão institucional.,https://www.portugalventures.pt/en/news/new-leadership-for-the-2025-2027-triennium/,2026-09-09,Alta,Parcial,
PER0152,INV019,Portugal Ventures,João Paulo Miranda,Vice-President,Sim,Decisor,Portugal,Estratégia institucional,Pre-seed to Series A,Gestão e finanças,,,,https://www.portugalventures.pt/en/news/new-leadership-for-the-2025-2027-triennium/,Identificar primeiro a call e mostrar elegibilidade objetiva.,Membro do conselho executivo.,https://www.portugalventures.pt/en/news/new-leadership-for-the-2025-2027-triennium/,2026-09-09,Alta,Base,
PER0153,INV019,Portugal Ventures,Carla Areias,Executive Board Member,Sim,Decisor,Portugal,Estratégia institucional,Pre-seed to Series A,Gestão e investimento,,,,https://www.portugalventures.pt/en/news/new-leadership-for-the-2025-2027-triennium/,Associar o caso à estratégia e às métricas exigidas pelas calls.,Membro executivo do conselho.,https://www.portugalventures.pt/en/news/new-leadership-for-the-2025-2027-triennium/,2026-09-09,Alta,Base,
PER0154,INV019,Portugal Ventures,Miguel Barbosa,Investment Director,Sim,Decisor,Portugal,Tourism; hardware; IoT; agri-food; industrial; telecom,Pre-seed to Series A,Consultoria; telecom; Nutrinveste; 20+ anos VC,Indie Campers,,,https://www.portugalventures.pt/en/member/miguel-barbosa/,"Se aplicável, ligar hardware/IoT ou turismo à experiência setorial e à internacionalização.","Perfil oficial detalha setores, carreira e investimentos.",https://www.portugalventures.pt/en/member/miguel-barbosa/,2026-09-09,Alta,Enriquecido,
PER0155,INV019,Portugal Ventures,Nuno Oliveira,Investment Manager,Rever,Equipa de investimento,Portugal,Digital; software,Pre-seed to Series A,Investment management,Outgoing,,,https://www.portugalventures.pt/en/portfolio/outgoing/,"Referir a ligação direta a software conversacional/AI e ao caso Outgoing, se relevante.",Página de portfólio identifica o investment manager.,https://www.portugalventures.pt/en/portfolio/outgoing/,2026-09-09,Média,Parcial,
PER0156,INV020,Indico Capital Partners,Stephan de Moraes,Managing General Partner,Sim,Decisor,Lisboa,Tech; global expansion,Pre-seed to Growth,,,,,https://www.indicocapital.com/about-us,Mostrar como talento do sul da Europa cria uma categoria global e qual vantagem técnica sustenta a escala.,Tese e equipa publicadas na página About Us.,https://www.indicocapital.com/about-us,2026-09-09,Alta,Enriquecido,
PER0157,INV020,Indico Capital Partners,Ricardo Torgal,General Partner & CFO,Sim,Decisor,Lisboa,Tech; finance,Pre-seed to Growth,,,,,https://www.indicocapital.com/about-us,Mostrar como talento do sul da Europa cria uma categoria global e qual vantagem técnica sustenta a escala.,Tese e equipa publicadas na página About Us.,https://www.indicocapital.com/about-us,2026-09-09,Alta,Base,
PER0158,INV020,Indico Capital Partners,Cristina Fonseca,General Partner,Sim,Decisor,Lisboa,Enterprise SaaS; AI; founder experience,Pre-seed to Growth,,,,,https://www.indicocapital.com/about-us,Mostrar como talento do sul da Europa cria uma categoria global e qual vantagem técnica sustenta a escala.,Tese e equipa publicadas na página About Us.,https://www.indicocapital.com/about-us,2026-09-09,Alta,Enriquecido,
PER0159,INV020,Indico Capital Partners,Rui Rodrigues,Partner,Sim,Decisor,Lisboa,Investment; M&A,Pre-seed to Growth,,,,,https://www.indicocapital.com/about-us,Mostrar como talento do sul da Europa cria uma categoria global e qual vantagem técnica sustenta a escala.,Tese e equipa publicadas na página About Us.,https://www.indicocapital.com/about-us,2026-09-09,Alta,Base,
PER0160,INV020,Indico Capital Partners,André Almeida Santos,Partner,Sim,Decisor,Lisboa,Investment; international markets,Pre-seed to Growth,,,,,https://www.indicocapital.com/about-us,Mostrar como talento do sul da Europa cria uma categoria global e qual vantagem técnica sustenta a escala.,Tese e equipa publicadas na página About Us.,https://www.indicocapital.com/about-us,2026-09-09,Alta,Base,
PER0161,INV020,Indico Capital Partners,Rui Jerónimo,Principal,Rever,Equipa de investimento,Lisboa,Technology,Pre-seed to Growth,,,,,https://www.indicocapital.com/about-us,Mostrar como talento do sul da Europa cria uma categoria global e qual vantagem técnica sustenta a escala.,Tese e equipa publicadas na página About Us.,https://www.indicocapital.com/about-us,2026-09-09,Alta,Base,
PER0162,INV020,Indico Capital Partners,João Pedro Roque,Principal,Rever,Equipa de investimento,Lisboa,PE; VC; engineering,Pre-seed to Growth,,,,,https://www.indicocapital.com/about-us,Mostrar como talento do sul da Europa cria uma categoria global e qual vantagem técnica sustenta a escala.,Tese e equipa publicadas na página About Us.,https://www.indicocapital.com/about-us,2026-09-09,Alta,Base,
PER0163,INV020,Indico Capital Partners,Tomás Marchão Marques,Investment Analyst,Rever,Equipa de investimento,Lisboa,Technology,Pre-seed to Growth,,,,,https://www.indicocapital.com/about-us,Mostrar como talento do sul da Europa cria uma categoria global e qual vantagem técnica sustenta a escala.,Tese e equipa publicadas na página About Us.,https://www.indicocapital.com/about-us,2026-09-09,Alta,Base,
PER0164,INV021,Shilling,Ricardo Jacinto,Managing Partner,Sim,Decisor,Lisboa,Early-stage tech,Pre-seed; Seed,,,,,https://www.shilling.vc/team,"Mostrar velocidade, ambição global e que apoio específico da comunidade Shilling acelera a empresa.",Website publica modelo de comunidade e composição do IC.,https://www.shilling.vc/team,2026-09-09,Alta,Base,
PER0165,INV021,Shilling,Pedro Ramalho Carlos,General Partner,Sim,Decisor,Lisboa,Early-stage tech,Pre-seed; Seed,,,,,https://www.shilling.vc/team,"Mostrar velocidade, ambição global e que apoio específico da comunidade Shilling acelera a empresa.",Website publica modelo de comunidade e composição do IC.,https://www.shilling.vc/team,2026-09-09,Alta,Base,
PER0166,INV021,Shilling,Hugo Gonçalves Pereira,"Founder, Venture Partner & IC Member",Sim,Comité de investimento,Lisboa,Mobility; climate; company building,Pre-seed; Seed,,,,,https://www.shilling.vc/team,"Mostrar velocidade, ambição global e que apoio específico da comunidade Shilling acelera a empresa.",Website publica modelo de comunidade e composição do IC.,https://www.shilling.vc/team,2026-09-09,Alta,Base,
PER0167,INV021,Shilling,Miguel Santo Amaro,Venture Partner & IC Member,Sim,Comité de investimento,Lisboa,SaaS; HR tech; founder experience,Pre-seed; Seed,,,,,https://www.shilling.vc/team,"Mostrar velocidade, ambição global e que apoio específico da comunidade Shilling acelera a empresa.",Website publica modelo de comunidade e composição do IC.,https://www.shilling.vc/team,2026-09-09,Alta,Base,
PER0168,INV021,Shilling,Pedro Rosa,Principal,Rever,Equipa de investimento,Lisboa,Technology,Pre-seed; Seed,,,,,https://www.shilling.vc/team,"Mostrar velocidade, ambição global e que apoio específico da comunidade Shilling acelera a empresa.",Website publica modelo de comunidade e composição do IC.,https://www.shilling.vc/team,2026-09-09,Alta,Base,
PER0169,INV021,Shilling,Tomás Güida,Principal,Rever,Equipa de investimento,Lisboa,Technology,Pre-seed; Seed,,,,,https://www.shilling.vc/team,"Mostrar velocidade, ambição global e que apoio específico da comunidade Shilling acelera a empresa.",Website publica modelo de comunidade e composição do IC.,https://www.shilling.vc/team,2026-09-09,Alta,Base,
PER0170,INV021,Shilling,António Casanova,Founder & IC Member,Sim,Comité de investimento,Lisboa,Strategy; technology,Pre-seed; Seed,,,,,https://www.shilling.vc/team,"Mostrar velocidade, ambição global e que apoio específico da comunidade Shilling acelera a empresa.",Website publica modelo de comunidade e composição do IC.,https://www.shilling.vc/team,2026-09-09,Alta,Base,
PER0171,INV021,Shilling,Diogo da Silveira,Founder & IC Member,Sim,Comité de investimento,Lisboa,Industry; strategy,Pre-seed; Seed,,,,,https://www.shilling.vc/team,"Mostrar velocidade, ambição global e que apoio específico da comunidade Shilling acelera a empresa.",Website publica modelo de comunidade e composição do IC.,https://www.shilling.vc/team,2026-09-09,Alta,Base,
PER0172,INV021,Shilling,João Coelho Borges,Founder & IC Member,Sim,Comité de investimento,Lisboa,Investment,Pre-seed; Seed,,,,,https://www.shilling.vc/team,"Mostrar velocidade, ambição global e que apoio específico da comunidade Shilling acelera a empresa.",Website publica modelo de comunidade e composição do IC.,https://www.shilling.vc/team,2026-09-09,Alta,Base,
PER0173,INV021,Shilling,Juan Alvarez,Founder & IC Member,Sim,Comité de investimento,Lisboa,Investment,Pre-seed; Seed,,,,,https://www.shilling.vc/team,"Mostrar velocidade, ambição global e que apoio específico da comunidade Shilling acelera a empresa.",Website publica modelo de comunidade e composição do IC.,https://www.shilling.vc/team,2026-09-09,Alta,Base,
PER0174,INV021,Shilling,Pedro Santos Vieira,IC Member,Sim,Comité de investimento,Lisboa,Technology,Pre-seed; Seed,,,,,https://www.shilling.vc/team,"Mostrar velocidade, ambição global e que apoio específico da comunidade Shilling acelera a empresa.",Website publica modelo de comunidade e composição do IC.,https://www.shilling.vc/team,2026-09-09,Alta,Base,
PER0175,INV021,Shilling,Pedro Rutkowski,Founder & IC Member,Sim,Comité de investimento,Lisboa,Investment,Pre-seed; Seed,,,,,https://www.shilling.vc/team,"Mostrar velocidade, ambição global e que apoio específico da comunidade Shilling acelera a empresa.",Website publica modelo de comunidade e composição do IC.,https://www.shilling.vc/team,2026-09-09,Alta,Base,
PER0176,INV022,Armilar Venture Partners,Joaquim Sérvulo Rodrigues,Managing Partner,Sim,Decisor,Lisboa,Tech at the core,Pre-seed to Series B,,,,,https://www.armilar.com/team,"Começar pela diferenciação tecnológica, pelo problema global e pelos sinais de que a solução é muito mais que incremental.",Filosofia pública explicita estes critérios.,https://www.armilar.com/why-armilar,2026-09-09,Alta,Base,
PER0177,INV022,Armilar Venture Partners,Pedro Ribeiro Santos,Managing Partner,Sim,Decisor,Lisboa,B2B; deeptech; Series A,Pre-seed to Series B,,,,,https://www.armilar.com/team,"Começar pela diferenciação tecnológica, pelo problema global e pelos sinais de que a solução é muito mais que incremental.",Filosofia pública explicita estes critérios.,https://www.armilar.com/why-armilar,2026-09-09,Alta,Enriquecido,
PER0178,INV022,Armilar Venture Partners,Duarte Mineiro,Managing Partner,Sim,Decisor,Lisboa,Deeptech; Iberia; Europe,Pre-seed to Series B,,,,,https://www.armilar.com/team,"Começar pela diferenciação tecnológica, pelo problema global e pelos sinais de que a solução é muito mais que incremental.",Filosofia pública explicita estes critérios.,https://www.armilar.com/why-armilar,2026-09-09,Alta,Enriquecido,
PER0179,INV022,Armilar Venture Partners,Nuno Leite,Managing Partner - CFO,Sim,Decisor,Lisboa,Finance; fund management,Pre-seed to Series B,,,,,https://www.armilar.com/team,"Começar pela diferenciação tecnológica, pelo problema global e pelos sinais de que a solução é muito mais que incremental.",Filosofia pública explicita estes critérios.,https://www.armilar.com/why-armilar,2026-09-09,Alta,Base,
PER0180,INV022,Armilar Venture Partners,João Dias,Investment Partner,Sim,Decisor,Lisboa,Technology,Pre-seed to Series B,,,,,https://www.armilar.com/team,"Começar pela diferenciação tecnológica, pelo problema global e pelos sinais de que a solução é muito mais que incremental.",Filosofia pública explicita estes critérios.,https://www.armilar.com/why-armilar,2026-09-09,Alta,Base,
PER0181,INV022,Armilar Venture Partners,Rodolfo Condessa,Investment Partner,Sim,Decisor,Lisboa,Technology,Pre-seed to Series B,,,,,https://www.armilar.com/team,"Começar pela diferenciação tecnológica, pelo problema global e pelos sinais de que a solução é muito mais que incremental.",Filosofia pública explicita estes critérios.,https://www.armilar.com/why-armilar,2026-09-09,Alta,Base,
PER0182,INV022,Armilar Venture Partners,Pedro Castel-Branco,Principal,Rever,Equipa de investimento,Lisboa,Technology,Pre-seed to Series B,,,,,https://www.armilar.com/team,"Começar pela diferenciação tecnológica, pelo problema global e pelos sinais de que a solução é muito mais que incremental.",Filosofia pública explicita estes critérios.,https://www.armilar.com/why-armilar,2026-09-09,Alta,Base,
PER0183,INV022,Armilar Venture Partners,Inês de Macedo Santos,Principal,Rever,Equipa de investimento,Lisboa,Technology,Pre-seed to Series B,,,,,https://www.armilar.com/team,"Começar pela diferenciação tecnológica, pelo problema global e pelos sinais de que a solução é muito mais que incremental.",Filosofia pública explicita estes critérios.,https://www.armilar.com/why-armilar,2026-09-09,Alta,Base,
PER0184,INV022,Armilar Venture Partners,Pedro Almeida,Principal,Rever,Equipa de investimento,Lisboa,Technology,Pre-seed to Series B,,,,,https://www.armilar.com/team,"Começar pela diferenciação tecnológica, pelo problema global e pelos sinais de que a solução é muito mais que incremental.",Filosofia pública explicita estes critérios.,https://www.armilar.com/why-armilar,2026-09-09,Alta,Base,
PER0185,INV022,Armilar Venture Partners,Darío Villena,Principal,Rever,Equipa de investimento,,Technology,Pre-seed to Series B,,,,,https://www.armilar.com/team,"Começar pela diferenciação tecnológica, pelo problema global e pelos sinais de que a solução é muito mais que incremental.",Filosofia pública explicita estes critérios.,https://www.armilar.com/why-armilar,2026-09-09,Alta,Base,
PER0186,INV023,Hoxton Ventures,Hussein Kanji,Partner,Sim,Decisor,Londres,Software; AI; Europe-to-global,Pre-seed; Seed,,,,,https://hoxtonventures.com/team/,Mostrar uma ambição global desproporcional ao ponto de partida europeu.,Hoxton apresenta-se como partner-only e formada por builders.,https://hoxtonventures.com/team/,2026-09-09,Alta,Base,
PER0187,INV023,Hoxton Ventures,Payton Dobbs,Operating Partner,Rever,Influenciador,Londres,Company building,Pre-seed; Seed,,,,,https://hoxtonventures.com/team/,Mostrar uma ambição global desproporcional ao ponto de partida europeu.,Hoxton apresenta-se como partner-only e formada por builders.,https://hoxtonventures.com/team/,2026-09-09,Alta,Base,
PER0188,INV023,Hoxton Ventures,Midge Mazzier,Associate Partner,Sim,Decisor,Londres,Early-stage tech,Pre-seed; Seed,,,,,https://hoxtonventures.com/team/,Mostrar uma ambição global desproporcional ao ponto de partida europeu.,Hoxton apresenta-se como partner-only e formada por builders.,https://hoxtonventures.com/team/,2026-09-09,Alta,Base,
PER0189,INV023,Hoxton Ventures,Rishabh Kaul,Venture Partner,Rever,Influenciador,Londres,Technology,Pre-seed; Seed,,,,,https://hoxtonventures.com/team/,Mostrar uma ambição global desproporcional ao ponto de partida europeu.,Hoxton apresenta-se como partner-only e formada por builders.,https://hoxtonventures.com/team/,2026-09-09,Alta,Base,
PER0190,INV024,Kindred Capital,Leila Zegna,General Partner,Sim,Decisor,Londres,Early-stage technology,Pre-seed; Seed,,,,,https://kindredcapital.vc/,"Destacar missão, alinhamento de longo prazo e por que a pessoa certa precisa de agir agora.","A tese pública põe pessoas, missão e alinhamento no centro.",https://kindredcapital.vc/,2026-09-09,Alta,Base,
PER0191,INV024,Kindred Capital,Chrys Chrysanthou,General Partner,Sim,Decisor,Londres,Deeptech; software,Pre-seed; Seed,,,,,https://kindredcapital.vc/,"Destacar missão, alinhamento de longo prazo e por que a pessoa certa precisa de agir agora.","A tese pública põe pessoas, missão e alinhamento no centro.",https://kindredcapital.vc/,2026-09-09,Alta,Base,
PER0192,INV024,Kindred Capital,John Cassidy,General Partner,Sim,Decisor,Londres,Fintech; software,Pre-seed; Seed,,,,,https://kindredcapital.vc/,"Destacar missão, alinhamento de longo prazo e por que a pessoa certa precisa de agir agora.","A tese pública põe pessoas, missão e alinhamento no centro.",https://kindredcapital.vc/,2026-09-09,Alta,Base,
PER0193,INV024,Kindred Capital,Mark Evans,General Partner,Sim,Decisor,Londres,Consumer; enterprise,Pre-seed; Seed,,,,,https://kindredcapital.vc/,"Destacar missão, alinhamento de longo prazo e por que a pessoa certa precisa de agir agora.","A tese pública põe pessoas, missão e alinhamento no centro.",https://kindredcapital.vc/,2026-09-09,Alta,Base,
PER0194,INV024,Kindred Capital,Russell Buckley,Partner Emeritus,Não,Advisor,Londres,Mobile; consumer,Pre-seed; Seed,,,,,https://kindredcapital.vc/,"Destacar missão, alinhamento de longo prazo e por que a pessoa certa precisa de agir agora.","A tese pública põe pessoas, missão e alinhamento no centro.",https://kindredcapital.vc/,2026-09-09,Alta,Base,
PER0195,INV024,Kindred Capital,Max Bray,Venture Partner,Rever,Influenciador,Londres,Early-stage technology,Pre-seed; Seed,,,,,https://kindredcapital.vc/,"Destacar missão, alinhamento de longo prazo e por que a pessoa certa precisa de agir agora.","A tese pública põe pessoas, missão e alinhamento no centro.",https://kindredcapital.vc/,2026-09-09,Alta,Base,
PER0196,INV024,Kindred Capital,Irina Haivas,Venture Partner,Rever,Influenciador,Londres,Health; biotech,Pre-seed; Seed,,,,,https://kindredcapital.vc/,"Destacar missão, alinhamento de longo prazo e por que a pessoa certa precisa de agir agora.","A tese pública põe pessoas, missão e alinhamento no centro.",https://kindredcapital.vc/,2026-09-09,Alta,Base,
PER0197,INV024,Kindred Capital,Juliet Bailin,Venture Partner,Rever,Influenciador,Londres,Technology,Pre-seed; Seed,,,,,https://kindredcapital.vc/,"Destacar missão, alinhamento de longo prazo e por que a pessoa certa precisa de agir agora.","A tese pública põe pessoas, missão e alinhamento no centro.",https://kindredcapital.vc/,2026-09-09,Alta,Base,
PER0198,INV025,Connect Ventures,Pietro Bezza,Managing Partner,Sim,Decisor,Londres,Product; fintech; enterprise,Pre-seed; Seed,,,,,https://www.connectventures.co/,"Apresentar o founder-product fit, a opinião forte incorporada no produto e uma prova de amor do utilizador.",A tese e o processo de decisão são publicados em detalhe.,https://www.connectventures.co/,2026-09-09,Alta,Enriquecido,
PER0199,INV025,Connect Ventures,Sitar Teli,Managing Partner,Sim,Decisor,Londres,Product; consumer; enterprise,Pre-seed; Seed,,,,,https://www.connectventures.co/,"Apresentar o founder-product fit, a opinião forte incorporada no produto e uma prova de amor do utilizador.",A tese e o processo de decisão são publicados em detalhe.,https://www.connectventures.co/,2026-09-09,Alta,Enriquecido,
PER0200,INV025,Connect Ventures,Rory Stirling,General Partner,Sim,Decisor,Londres,Product; AI; logistics; fintech,Pre-seed; Seed,,,,,https://www.connectventures.co/,"Apresentar o founder-product fit, a opinião forte incorporada no produto e uma prova de amor do utilizador.",A tese e o processo de decisão são publicados em detalhe.,https://www.connectventures.co/,2026-09-09,Alta,Enriquecido,
PER0201,INV026,Heartcore Capital,Jimmy Fussing Nielsen,Partner & CEO,Sim,Decisor,Copenhaga,Early-stage tech,Inception to Series A,,,,,https://www.heartcore.com/team,Explicar a aspiração humana que a tecnologia serve e por que a equipa tem coragem para perseguir um resultado fora da curva.,"Tese pública: genius and courage, desde inception.",https://www.heartcore.com/about,2026-09-09,Alta,Base,
PER0202,INV026,Heartcore Capital,Christian Lindegaard Jepsen,Partner,Sim,Decisor,Copenhaga,Consumer; software,Inception to Series A,,,,,https://www.heartcore.com/team,Explicar a aspiração humana que a tecnologia serve e por que a equipa tem coragem para perseguir um resultado fora da curva.,"Tese pública: genius and courage, desde inception.",https://www.heartcore.com/about,2026-09-09,Alta,Base,
PER0203,INV026,Heartcore Capital,Max Niederhofer,Partner,Sim,Decisor,Londres,Climate; software; consumer,Inception to Series A,,,,,https://www.heartcore.com/team,Explicar a aspiração humana que a tecnologia serve e por que a equipa tem coragem para perseguir um resultado fora da curva.,"Tese pública: genius and courage, desde inception.",https://www.heartcore.com/about,2026-09-09,Alta,Base,
PER0204,INV026,Heartcore Capital,Yacine Ghalim,Partner,Sim,Decisor,Paris,Fintech; consumer,Inception to Series A,,,,,https://www.heartcore.com/team,Explicar a aspiração humana que a tecnologia serve e por que a equipa tem coragem para perseguir um resultado fora da curva.,"Tese pública: genius and courage, desde inception.",https://www.heartcore.com/about,2026-09-09,Alta,Base,
PER0205,INV026,Heartcore Capital,Naza Metghalchi,Partner,Sim,Decisor,Paris,Deeptech; AI; health,Inception to Series A,,,,,https://www.heartcore.com/team,Explicar a aspiração humana que a tecnologia serve e por que a equipa tem coragem para perseguir um resultado fora da curva.,"Tese pública: genius and courage, desde inception.",https://www.heartcore.com/about,2026-09-09,Alta,Base,
PER0206,INV026,Heartcore Capital,Lærke Rud Hansen,Investor,Rever,Equipa de investimento,Copenhaga,Technology,Inception to Series A,,,,,https://www.heartcore.com/team,Explicar a aspiração humana que a tecnologia serve e por que a equipa tem coragem para perseguir um resultado fora da curva.,"Tese pública: genius and courage, desde inception.",https://www.heartcore.com/about,2026-09-09,Alta,Base,
PER0207,INV026,Heartcore Capital,Bérenger Teboul-Danguin,Investor,Rever,Equipa de investimento,Paris,Technology,Inception to Series A,,,,,https://www.heartcore.com/team,Explicar a aspiração humana que a tecnologia serve e por que a equipa tem coragem para perseguir um resultado fora da curva.,"Tese pública: genius and courage, desde inception.",https://www.heartcore.com/about,2026-09-09,Alta,Base,
PER0208,INV026,Heartcore Capital,Tomáš Fanta,Investor,Rever,Equipa de investimento,,Technology,Inception to Series A,,,,,https://www.heartcore.com/team,Explicar a aspiração humana que a tecnologia serve e por que a equipa tem coragem para perseguir um resultado fora da curva.,"Tese pública: genius and courage, desde inception.",https://www.heartcore.com/about,2026-09-09,Alta,Base,
PER0209,INV027,Partech,Romain Lavault,General Partner,Sim,Decisor,Paris,Seed; AI; chips; autonomous; enterprise; fintech; health,Day 1; Seed; Series A/B,,,,,https://partechpartners.com/team,"Ser específico sobre a estratégia/fundo, o problema técnico e a razão para agir desde day one.",Partech publica critérios por estratégia e perfis detalhados.,https://partechpartners.com/funds,2026-09-09,Alta,Enriquecido,
PER0210,INV027,Partech,Boris Golden,General Partner,Sim,Decisor,Paris,Seed; hybrid models; SaaS; marketplaces,Day 1; Seed; Series A/B,,,,,https://partechpartners.com/team,"Ser específico sobre a estratégia/fundo, o problema técnico e a razão para agir desde day one.",Partech publica critérios por estratégia e perfis detalhados.,https://partechpartners.com/funds,2026-09-09,Alta,Enriquecido,
PER0211,INV027,Partech,Réza Malekzadeh,General Partner,Sim,Decisor,Paris,Venture; enterprise software,Day 1; Seed; Series A/B,,,,,https://partechpartners.com/team,"Ser específico sobre a estratégia/fundo, o problema técnico e a razão para agir desde day one.",Partech publica critérios por estratégia e perfis detalhados.,https://partechpartners.com/funds,2026-09-09,Alta,Enriquecido,
PER0212,INV027,Partech,Alison Imbert,Partner,Sim,Decisor,Paris,Seed; fintech; climate; marketplaces,Day 1; Seed; Series A/B,,,,,https://partechpartners.com/team,"Ser específico sobre a estratégia/fundo, o problema técnico e a razão para agir desde day one.",Partech publica critérios por estratégia e perfis detalhados.,https://partechpartners.com/funds,2026-09-09,Alta,Enriquecido,
PER0213,INV027,Partech,Moritz Steinbrecher,Principal,Rever,Equipa de investimento,Berlim,Devtools; deeptech; SaaS; DACH,Day 1; Seed; Series A/B,,,,,https://partechpartners.com/team,"Ser específico sobre a estratégia/fundo, o problema técnico e a razão para agir desde day one.",Partech publica critérios por estratégia e perfis detalhados.,https://partechpartners.com/funds,2026-09-09,Alta,Base,
PER0214,INV027,Partech,Simone Riva,Partner,Sim,Decisor,Paris / Itália,Venture; software; health,Day 1; Seed; Series A/B,,,,,https://partechpartners.com/team,"Ser específico sobre a estratégia/fundo, o problema técnico e a razão para agir desde day one.",Partech publica critérios por estratégia e perfis detalhados.,https://partechpartners.com/funds,2026-09-09,Alta,Base,
PER0215,INV027,Partech,Ariadne Lemieux-Cumberlege,Senior Associate,Rever,Equipa de investimento,Paris,Seed; fintech,Day 1; Seed; Series A/B,,,,,https://partechpartners.com/team,"Ser específico sobre a estratégia/fundo, o problema técnico e a razão para agir desde day one.",Partech publica critérios por estratégia e perfis detalhados.,https://partechpartners.com/funds,2026-09-09,Alta,Base,
PER0216,INV028,Korys,Dries Crevits,Partner,Sim,Decisor provável,Halle,Investimentos diretos e fundos,Series A; Series B; Series C; Growth; Buyout,PMV; KBC; Fortis,,,,https://korys.be/our-team/,Explicar que mudança mensurável o projeto produz em cinco anos e perguntar qual prova inicial justificaria capital paciente.,"Declaração pessoal: Explica a preferência por investimento com propósito, horizonte longo e impacto observável.",https://korys.be/our-team/,2026-09-09,Alta,Enriquecido,Lote 2.
PER0217,INV028,Korys,Hilde Van der Straeten,Investment Director,Rever,Autoridade por confirmar,Halle,Consumo sustentável,Series A; Series B; Series C; Growth; Buyout,PMV; Belfius; Mitiska,,,,https://korys.be/our-team/,Mostrar dados de utilização que provem que a alternativa responsável é tão conveniente como a atual.,Perfil institucional: Procura benefícios para saúde e sustentabilidade sem sacrificar conveniência.,https://korys.be/our-team/,2026-09-09,Média,Enriquecido,Lote 2.
PER0218,INV028,Korys,Quentin Dupont,Senior Investment Manager,Rever,Autoridade por confirmar,Halle,Tecnologias para energia,Series A; Series B; Series C; Growth; Buyout,Deloitte M&A,,,,https://korys.be/our-team/,Partir da Greenely para perguntar que evidência de adoção doméstica e flexibilidade energética espera antes da expansão geográfica.,Declaração conjunta: Declaração conjunta com Brieuc de Hults apoia a expansão da Greenely e a mudança no consumo doméstico de energia.,https://korys.be/our-team/,2026-09-09,Média,Enriquecido,Lote 2.
PER0219,INV028,Korys,Karel Van Cleemput,Senior Investment Manager,Rever,Autoridade por confirmar,Halle,Energia e mobilidade,Series A; Series B; Series C; Growth; Buyout,KBC Securities,,karel.vancleemput@korys.be,,https://korys.be/our-team/,,Enriquecimento de conteúdo ainda incompleto.,https://korys.be/our-team/,2026-09-09,Média,Parcial,Email publicado no diretório VLAIO; não testado para entrega. Lote 2.
PER0220,INV028,Korys,David Devigne,Investment Director,Rever,Autoridade por confirmar,Halle,Life sciences,Series A; Series B; Series C; Growth; Buyout,UCB; PMV,,david.devigne@korys.be,https://be.linkedin.com/in/daviddevigne,https://korys.be/our-team/,"Se o projeto for oncológico, apresentar a população sem opção eficaz e os dados que sustentam a diferenciação terapêutica.",Declaração pessoal citada: Atribui à Mablink potencial para doentes sem resposta nas terapias existentes.,https://korys.be/our-team/,2026-09-09,Média,Enriquecido,Email publicado no diretório VLAIO; não testado para entrega. Lote 2.
PER0221,INV028,Korys,Katti Van Oosterwijck,Senior Investment Manager,Rever,Autoridade por confirmar,Halle,Consumo sustentável,Series A; Series B; Series C; Growth; Buyout,,,katti.vanoosterwijck@korys.be,,https://www.vlaio.be/en/download/pdf?file=generated-pdf%2Frisicokapitaalverschaffer-korys_direct_investments-7362.pdf,,Enriquecimento de conteúdo ainda incompleto.,https://www.vlaio.be/en/download/pdf?file=generated-pdf%2Frisicokapitaalverschaffer-korys_direct_investments-7362.pdf,2026-09-09,Média,Parcial,Cargo também confirmado na página atual da equipa; conteúdo próprio ainda por aprofundar. Email público VLAIO. Lote 2.
PER0222,INV029,H14,Riccardo Porcelli,Technology Growth Investing (título exato a confirmar),Rever,Autoridade por confirmar,Milão,Growth tecnológico,Venture; Growth,Bocconi Students Investment Club: antigo presidente,,,https://it.linkedin.com/in/riccardo-porcelli-658b6874,https://it.linkedin.com/in/riccardo-porcelli-658b6874,"Ligar o crescimento do negócio a uma métrica verificável de acesso ao serviço, em vez de usar apenas uma narrativa de impacto.",Declaração pessoal: Associa liderança de categoria a acesso a terapia e redução do estigma.,https://it.linkedin.com/in/riccardo-porcelli-658b6874,2026-09-09,Média,Enriquecido,Fontes antigas chamam-lhe Head of Digital Investments; perfil público confirma H14 mas omite cargo formal. Lote 2.
PER0223,INV029,H14,Luigi Lonardi,Equipa H14 (título atual não exposto),Rever,Autoridade por confirmar,Milão,Digital investments (fonte de 2024),Venture; Growth,Formação LSE,,,https://it.linkedin.com/in/luigi-lonardi-3609a9118,https://it.linkedin.com/in/luigi-lonardi-3609a9118,,Enriquecimento de conteúdo ainda incompleto.,https://it.linkedin.com/in/luigi-lonardi-3609a9118,2026-09-09,Média,Parcial,"Notícia de 2024: Vice President. Perfil atual confirma entidade, não o título. Reações a posts não são opiniões atribuíveis. Lote 2."
PER0224,INV030,Fink Family Office,Alexander Fink,Principal,Sim,Decisor provável,Londres,Fintech; proptech; deeptech; IA para investimento,Seed; Series A; Series B,"Empirical Ventures: ligação adicional como Partner / IC, em anúncio público",,,https://uk.linkedin.com/in/alexandermfink,https://uk.linkedin.com/in/alexandermfink,"No caso SaaS: mostrar como a descoberta de investidores complementa a análise de empresas, e pedir opinião sobre a fronteira entre as duas tarefas.",Declaração pessoal: Diz que a family office usa Allermuir para diligência de empresas privadas.,https://uk.linkedin.com/in/alexandermfink,2026-09-09,Alta,Enriquecido,A ligação à Empirical não gera outro registo de pessoa. Allermuir: potencial sobreposição com o caso SaaS; não assumir interesse em investir. Lote 2.
PER0225,INV030,Fink Family Office,Jordan Fink,Principal (segundo conferência de 2026),Rever,Autoridade por confirmar,Londres,Fintech; life sciences; software de análise de investimentos,Seed; Series A; Series B,Client service; Allermuir Capital (função adicional),,,https://uk.linkedin.com/in/jordan-fink-65304a123,https://uk.linkedin.com/in/jordan-fink-65304a123,Perguntar onde a pesquisa externa de investidores pode complementar o trabalho com documentos internos e demonstrar a proveniência de cada dado.,Declaração pessoal: Explica o uso de data rooms e memorandos na análise automatizada de investimentos.,https://uk.linkedin.com/in/jordan-fink-65304a123,2026-09-09,Média,Enriquecido,Fonte atual do perfil destaca Allermuir; confirmar atribuições e disponibilidade para novos cheques na Fink Family Office. Lote 2.
PER0226,INV031,DIG Ventures,Ross Mason,Founding Partner,Sim,Decisor provável,Londres,B2B SaaS; IA; infraestrutura,Pre-seed; Seed,Fundador da MuleSoft,,,,https://www.dig.ventures/team,"Perguntar que erro de produto ou vendas um fundador técnico deve resolver antes de captar, ligando a pergunta à experiência MuleSoft.",Declaração pessoal: Explica a evolução de family office para fundo institucional e o apoio operacional a founders europeus.,https://www.dig.ventures/team,2026-09-09,Alta,Enriquecido,Desia é uma participação anunciada por Ross com possível sobreposição com ferramentas para profissionais de investimento. Lote 2.
PER0227,INV031,DIG Ventures,Melissa Klinger,General Partner,Sim,Decisor provável,Londres,B2B; comercialização de software técnico,Pre-seed; Seed,"MuleSoft: vendas, customer success e estratégia",,,,https://www.dig.ventures/team,Levar um exemplo de conversa comercial difícil e perguntar o que mudaria na primeira venda de um produto técnico.,Perfil institucional: A biografia destaca trabalho com founders técnicos na construção da função comercial.,https://www.dig.ventures/team,2026-09-09,Alta,Enriquecido,Lote 2.
PER0228,INV031,DIG Ventures,Rytis Vitkauskas,General Partner,Sim,Decisor provável,Londres,B2B software; IA,Pre-seed; Seed,Lightspeed; Target Global; Summit Partners; cofundador da YPlan,,,https://uk.linkedin.com/in/rvitkauskas,https://www.dig.ventures/team,Relacionar a execução do teu projeto com uma aprendizagem acumulada da equipa e perguntar que marco valida uma plataforma de IA empresarial.,Declaração pessoal: Salienta continuidade da parceria com a equipa nexos.ai e execução ao longo dos anos.,https://www.dig.ventures/team,2026-09-09,Alta,Enriquecido,Perfil LinkedIn tem cabeçalho antigo Lightspeed; página oficial DIG prevalece para o cargo atual. Lote 2.
PER0229,INV032,Smedvig Ventures,Jon Lerner,Partner,Sim,Decisor provável,Londres,SaaS; infraestrutura; martech,Late Seed; Series A; crescimento subsequente,Consultoria e estratégia; Bain & Company (entrevista de 2022),,,,https://smedvig.vc/people/jon-lerner/,Apresentar um funil e uma cohort de retenção; perguntar qual teste faria primeiro para distinguir PMF de distribuição.,"Declaração pessoal: Defende diagnosticar se um problema de vendas resulta de produto, GTM ou ambos.",https://smedvig.vc/people/jon-lerner/,2026-09-09,Alta,Enriquecido,Lote 2.
PER0230,INV032,Smedvig Ventures,Joe Knowles,Partner,Sim,Decisor provável,Londres,B2B software; dados; IA aplicada,Late Seed; Series A; crescimento subsequente,Formação em engenharia; investimento em software,,,,https://smedvig.vc/people/joe-knowles/,Enviar três possíveis prioridades e os dados de cada uma; pedir opinião sobre a que removeria primeiro.,Declaração pessoal: Define apoio a founders como identificar o problema principal e priorizar com rigor.,https://smedvig.vc/people/joe-knowles/,2026-09-09,Alta,Enriquecido,Também declara atividade angel e aconselhamento à Sustainability First. Lote 2.
PER0231,INV032,Smedvig Ventures,Rob Toms,Partner,Sim,Decisor provável,Londres,Escala de vendas e marketing,Late Seed; Series A; crescimento subsequente,Bain & Company; M&A corporativo; física e MBA,,,,https://smedvig.vc/people/rob-toms/,"Apresentar CAC, período de recuperação e crescimento por cohort; perguntar onde costuma surgir primeiro a perda de eficiência.",Declaração pessoal: Descreve a dificuldade de escalar vendas mantendo crescimento e eficiência.,https://smedvig.vc/people/rob-toms/,2026-09-09,Alta,Enriquecido,Lote 2.
PER0232,INV032,Smedvig Ventures,Peter Duffy,Principal,Rever,Autoridade por confirmar,Londres,B2B tech; crescimento,Late Seed; Series A; crescimento subsequente,Smedvig desde 2018,,,,https://smedvig.vc/people/peter-duffy/,Abrir com uma explicação em duas frases e um problema reconhecível; perguntar onde a narrativa perde clareza.,Declaração pessoal: Usa a reação de alguém exterior ao negócio como sinal de clareza da oportunidade.,https://smedvig.vc/people/peter-duffy/,2026-09-09,Média,Enriquecido,Página individual atual diz Principal; diretório do grupo ainda diz Senior Associate. Lote 2.
PER0233,INV032,Smedvig Ventures,Freddie Kalfayan,Principal,Rever,Autoridade por confirmar,Londres,B2B tech; founders com ideias pouco consensuais,Late Seed; Series A; crescimento subsequente,Consultoria estratégica; Smedvig desde 2019,,,,https://smedvig.vc/people/freddie-kalfayan/,"Mostrar uma hipótese que contraria o mercado, a evidência disponível e o resultado que te faria abandoná-la.",Declaração pessoal: Interessa-se por empresas e founders fortes com uma tese pouco consensual.,https://smedvig.vc/people/freddie-kalfayan/,2026-09-09,Média,Enriquecido,Página individual atual diz Principal; diretório do grupo ainda diz Senior Associate. Lote 2.
PER0234,INV033,Episode 1,Hector Mason,General Partner,Sim,Decisor provável,Londres,B2B; IA; infraestrutura,Pre-seed; Seed; follow-on até Series A,Founder; Onstage/Focal; coapresentador de Riding Unicorns,,,,https://www.episode1.com/team,Perguntar se continua a ver essa assimetria; mostrar a defensibilidade que vai além de uma interface para modelos.,"Declaração pessoal: Em 2024, preferia infraestrutura e adoção empresarial de IA a aplicações com casos de uso superficiais.",https://www.episode1.com/team,2026-09-09,Alta,Enriquecido,Entrevistas de 2019 e 2024 são conteúdo histórico; tese atual da entidade vem do FAQ. Lote 2.
PER0235,INV033,Episode 1,Adam Shuaib,General Partner,Sim,Decisor provável,Londres,IA early-stage; sourcing com algoritmos,Pre-seed; Seed; follow-on até Series A,Doutoramento em Cambridge,,,,https://www.episode1.com/team,No caso SaaS: perguntar como mede precisão fora da amostra e como evita dados desatualizados no sourcing.,"Alegação do autor: Relata um modelo treinado em 15 mil empresas e destaca runway, experiência prévia e composição da equipa.",https://www.episode1.com/team,2026-09-09,Alta,Enriquecido,"Declarações sobre desempenho de modelos são alegações do autor, não resultados validados por nós. Lote 2."
PER0236,INV033,Episode 1,Simon Murdoch,General Partner,Sim,Decisor provável,Londres,Software; customer discovery,Pre-seed; Seed; follow-on até Series A,"Fundador da Bookpages, vendida à Amazon; FriendsAbroad",,,,https://www.episode1.com/team,Mostrar entrevistas com compradores e testes de preço; perguntar que evidência separa interesse de intenção de compra.,Declaração pessoal: Usa FriendsAbroad para explicar o risco de construir algo desejado pelo founder sem procura pagante.,https://www.episode1.com/team,2026-09-09,Alta,Enriquecido,"Artigo de 2016 mantido como opinião histórica, não como critério financeiro atual. Lote 2."
PER0237,INV033,Episode 1,Paul McNabb,General Partner,Sim,Decisor provável,Londres,Foco pessoal não publicado; entidade: IA/infra,Pre-seed; Seed; follow-on até Series A,Empreendedor recorrente,,,,https://www.episode1.com/team,,Enriquecimento de conteúdo ainda incompleto.,https://www.episode1.com/team,2026-09-09,Alta,Parcial,Conteúdo próprio ainda por aprofundar. Lote 2.
PER0238,INV033,Episode 1,Adrian Lloyd,General Partner,Sim,Decisor provável,Londres,B2B software; eficiência; execução,Pre-seed; Seed; follow-on até Series A,Marakon Associates na China; Stanford MBA; startups,,,,https://www.episode1.com/team,Explicar por que esta equipa escolheu este problema e qual vantagem concreta decorre do trabalho anterior.,Declaração pessoal: Procura founders fortes que escolhem construir e valoriza experiência operacional.,https://www.episode1.com/team,2026-09-09,Alta,Enriquecido,Fluência em mandarim e percurso na China descritos na entrevista de 2021. Lote 2.
PER0239,INV033,Episode 1,Millan Suri,Principal,Rever,Autoridade por confirmar,Londres,Founders e oportunidades pouco consensuais,Pre-seed; Seed; follow-on até Series A,,,,,https://www.episode1.com/team,,Enriquecimento de conteúdo ainda incompleto.,https://www.episode1.com/team,2026-09-09,Média,Parcial,Poder final no comité e percurso anterior não confirmados. Lote 2.
PER0240,INV033,Episode 1,Nuan Zhang,Investor,Rever,Autoridade por confirmar,Londres,Foco pessoal não publicado,Pre-seed; Seed; follow-on até Series A,Consultoria; experiência de founder,,,,https://www.episode1.com/team,,Enriquecimento de conteúdo ainda incompleto.,https://www.episode1.com/team,2026-09-09,Média,Parcial,Poder final de decisão não publicado. Lote 2.
PER0241,INV034,Concept Ventures,Reece Chowdhry,General Partner,Sim,Decisor provável,Londres,Generalista; pre-seed; founders,Pre-seed; follow-on,EY; incubação e operação de três startups de software,,,,https://concept.vc/team-members/reece-chowdhry,Apresentar uma decisão difícil tomada pela equipa e a mudança de comportamento que dela resultou.,Perfil institucional: Liga experiências de sucesso e insucesso em startups à importância das pessoas na construção da empresa.,https://concept.vc/team-members/reece-chowdhry,2026-09-09,Alta,Enriquecido,Lote 2.
PER0242,INV034,Concept Ventures,Oliver Kicks,General Partner,Sim,Decisor provável,Londres,Pre-seed; GTM; apoio operacional,Pre-seed; follow-on,Fintech; construção de marca foodtech,,,,https://concept.vc/team-members/oliver-kicks,Levar a primeira contratação sénior em análise e explicar o problema que deve resolver antes da próxima ronda.,"Perfil institucional: Trabalha com founders em contratações iniciais, fundraising e estratégia de produto e GTM.",https://concept.vc/team-members/oliver-kicks,2026-09-09,Alta,Enriquecido,Lote 2.
PER0243,INV034,Concept Ventures,Jeff Chowdhry,General Partner,Sim,Decisor provável,Londres,Serviços financeiros; follow-on,Pre-seed; follow-on,Gestão institucional de ativos; investimento angel,,,,https://concept.vc/team-members/jeff-chowdhry,"No caso SaaS para investidores: definir o comprador, o orçamento e o marco comercial que justificará o cheque seguinte.",Perfil institucional: Lidera investimentos em serviços financeiros e avaliação de follow-on.,https://concept.vc/team-members/jeff-chowdhry,2026-09-09,Alta,Enriquecido,Lote 2.
PER0244,INV034,Concept Ventures,Hugo Hazon,Principal,Rever,Autoridade por confirmar,Londres,B2B enterprise; oportunidades técnicas,Pre-seed; follow-on,Illuminate Financial; jogador profissional de voleibol,,,,https://concept.vc/team-members/hugo-hazon,Mostrar a integração com a infraestrutura do cliente e qual prova técnica reduz o risco da adoção.,Perfil institucional: O percurso na Illuminate inclui B2B enterprise; participa na avaliação de oportunidades técnicas.,https://concept.vc/team-members/hugo-hazon,2026-09-09,Média,Enriquecido,Lote 2.
PER0245,INV034,Concept Ventures,Anrea Munsamy,Associate — operações e apoio ao portfólio,Não,Apoio / comunidade,Londres,Operações; Venture Pledge; apoio a founders,Pre-seed; follow-on,Recursos humanos; contabilidade; marketing,,,,https://concept.vc/team-members/anrea,"Para uma empresa já próxima do fundo, perguntar como funciona o apoio operacional ou a participação dos founders no Venture Pledge.",Perfil institucional: Coordena operações e apoio ao portfólio e promove o Venture Pledge.,https://concept.vc/team-members/anrea,2026-09-09,Alta,Enriquecido,Perfil aprofundado de apoio. O título Associate não é tratado como função de investimento. Lote 2.
PER0246,INV034,Concept Ventures,Kudei Sawyer Moses,Associate — comunidade e relações com investidores,Não,Apoio / comunidade,Londres,Comunidade; marketing; LP communications,Pre-seed; follow-on,Sony Music; estágio na Atomico,,,,https://concept.vc/team-members/kudei-sawyer-moses,"Propor participação num evento com um exemplo útil para outros founders, ou perguntar que formatos a comunidade procura.","Perfil institucional: Organiza a comunidade, eventos e comunicação com os investidores do fundo.",https://concept.vc/team-members/kudei-sawyer-moses,2026-09-09,Alta,Enriquecido,"Contacto útil para comunidade/eventos, sem autoridade de investimento confirmada. Lote 2."
PER0247,INV035,Empirical Ventures,Ben Miles,General Partner,Sim,Decisor provável,Londres,Deeptech; ciência; venture building,Pre-seed; Seed; venture studio,Físico; Ziylo; Spin Up Science,,,,https://www.empiricalventures.vc/team,Mostrar o custo final pretendido e o percurso de engenharia necessário para o atingir; perguntar qual hipótese testar primeiro.,Declaração pessoal: Defende começar pelo custo-alvo da solução e desenhar a tecnologia a partir desse objetivo comercial.,https://www.empiricalventures.vc/team,2026-09-09,Alta,Enriquecido,Também tem plataforma pública de divulgação científica. Lote 2.
PER0248,INV035,Empirical Ventures,Johnathan Matlock,General Partner,Sim,Decisor provável,Londres,Deeptech; diligência científica,Pre-seed; Seed; venture studio,Químico; Ziylo; investimento angel,,,,https://www.empiricalventures.vc/team,"Se ainda não há empresa, apresentar IP, equipa e trabalho por fazer na transferência tecnológica.","Declaração pessoal: Defende combinar investigação e engenharia para transformar ciência em empresas, incluindo através do studio.",https://www.empiricalventures.vc/team,2026-09-09,Alta,Enriquecido,Lote 2.
