ID_Pessoa,ID_Investidor,Nome,catalog_entity_id,catalog_person_id,accao,nota_outra_firma
PER0001,INV001,Christoph Janz,6ffbf484-56b4-4132-b2af-3b84bb6d21bd,,CRIAR,
PER0002,INV001,Pawel Chudzinski,6ffbf484-56b4-4132-b2af-3b84bb6d21bd,,CRIAR,
PER0003,INV001,Louis Coppey,6ffbf484-56b4-4132-b2af-3b84bb6d21bd,,CRIAR,
PER0004,INV001,Ricardo Sequerra Amram,6ffbf484-56b4-4132-b2af-3b84bb6d21bd,,CRIAR,
PER0005,INV002,Reshma Sohoni,a9ad0726-07c8-4a3a-808e-aab7256ff62e,ca2a38d0-c9c7-48fc-b5ea-31d239bf5ade,ACTUALIZAR,
PER0006,INV002,Carlos Eduardo Espinal,a9ad0726-07c8-4a3a-808e-aab7256ff62e,f7631406-eb3c-4f7a-9ce5-91aae58a7318,ACTUALIZAR,
PER0007,INV002,Tom Wilson,a9ad0726-07c8-4a3a-808e-aab7256ff62e,2770b24d-5178-44be-ae6b-3a477e94d8e5,ACTUALIZAR,
PER0008,INV002,Sia Houchangnia,a9ad0726-07c8-4a3a-808e-aab7256ff62e,6b83d36d-d418-4a82-a38b-fc9f57e3a42e,ACTUALIZAR,
PER0009,INV003,Samuel Gil,abcaafd8-6737-440c-a0e4-5bc528f3ceb8,,CRIAR,
PER0010,INV003,Lourdes Álvarez de Toledo,abcaafd8-6737-440c-a0e4-5bc528f3ceb8,,CRIAR,
PER0011,INV003,Iván Landabaso,abcaafd8-6737-440c-a0e4-5bc528f3ceb8,,CRIAR,
PER0012,INV004,Alexander Samwer,bd5b288c-7775-4c53-81bd-6e8537f005cc,,CRIAR,
PER0013,INV004,Jeremias Heinrich,bd5b288c-7775-4c53-81bd-6e8537f005cc,,CRIAR,
PER0014,INV004,Robin Godenrath,bd5b288c-7775-4c53-81bd-6e8537f005cc,,CRIAR,
PER0015,INV004,Oliver Heinrich,bd5b288c-7775-4c53-81bd-6e8537f005cc,,CRIAR,
PER0016,INV004,Raphael Mukomilow,bd5b288c-7775-4c53-81bd-6e8537f005cc,,CRIAR,
PER0017,INV004,Sebastian Schäfer,bd5b288c-7775-4c53-81bd-6e8537f005cc,,CRIAR,
PER0018,INV004,Cosima Paul,bd5b288c-7775-4c53-81bd-6e8537f005cc,,CRIAR,
PER0019,INV005,Oliver Holle,7d6906ba-dceb-416e-a515-89df058b0c25,,CRIAR,
PER0020,INV005,Markus Lang,7d6906ba-dceb-416e-a515-89df058b0c25,,CRIAR,
PER0021,INV005,Andreas Schwarzenbrunner,7d6906ba-dceb-416e-a515-89df058b0c25,,CRIAR,
PER0022,INV005,Marie-Hélène Ametsreiter,7d6906ba-dceb-416e-a515-89df058b0c25,,CRIAR,
PER0023,INV005,Stefan Klestil,7d6906ba-dceb-416e-a515-89df058b0c25,,CRIAR,
PER0024,INV005,Andrea Zitna,7d6906ba-dceb-416e-a515-89df058b0c25,,CRIAR,
PER0025,INV005,Deepali Nangia,7d6906ba-dceb-416e-a515-89df058b0c25,,CRIAR,
PER0026,INV005,Florian Obst,7d6906ba-dceb-416e-a515-89df058b0c25,,CRIAR,
PER0027,INV005,Frederik Hagenauer,7d6906ba-dceb-416e-a515-89df058b0c25,,CRIAR,
PER0028,INV005,Jeroen Arts,7d6906ba-dceb-416e-a515-89df058b0c25,,CRIAR,
PER0029,INV005,Rana Abdel Latif,7d6906ba-dceb-416e-a515-89df058b0c25,,CRIAR,
PER0030,INV005,Will Wells,7d6906ba-dceb-416e-a515-89df058b0c25,,CRIAR,
PER0031,INV006,Danny Rimer,a672ee3f-3684-4024-8b1e-0b88f40db211,57e35a75-3c82-43c9-9518-72210b0fd26a,ACTUALIZAR,
PER0032,INV006,Jan Hammer,a672ee3f-3684-4024-8b1e-0b88f40db211,e42ac2e2-3e13-46a4-9ebb-35b389ec1f1e,ACTUALIZAR,
PER0033,INV006,Martin Mignot,a672ee3f-3684-4024-8b1e-0b88f40db211,6a971d2c-1ff1-4021-9115-2c23ac9ce4be,ACTUALIZAR,
PER0034,INV006,Shardul Shah,a672ee3f-3684-4024-8b1e-0b88f40db211,a8261e41-f51a-48a3-9681-1ba3814796db,ACTUALIZAR,
PER0035,INV006,Hannah Seal,a672ee3f-3684-4024-8b1e-0b88f40db211,5db5b4f4-7a1f-4a80-925d-43275f46546b,ACTUALIZAR,
PER0036,INV006,Stephane Kurgan,a672ee3f-3684-4024-8b1e-0b88f40db211,05b4183a-86a2-44d0-be8d-bc159587f85e,ACTUALIZAR,
PER0037,INV006,Carlos Gonzalez-Cadenas,a672ee3f-3684-4024-8b1e-0b88f40db211,dc5687ed-8d59-497b-a7d8-34bfb2ed1822,ACTUALIZAR,
PER0038,INV006,Sofia Dolfe,a672ee3f-3684-4024-8b1e-0b88f40db211,64106af8-1a29-4713-bd73-7b601af1f318,ACTUALIZAR,
PER0039,INV006,Nina Achadjian,a672ee3f-3684-4024-8b1e-0b88f40db211,1b05e6f9-a59f-479e-85a0-80d16d241d72,ACTUALIZAR,
PER0040,INV006,Jahanvi Sardana,a672ee3f-3684-4024-8b1e-0b88f40db211,c9cce0b8-0ad4-438c-ac86-12cd19f8033b,ACTUALIZAR,
PER0041,INV006,Simon Cunningham,a672ee3f-3684-4024-8b1e-0b88f40db211,83e30a90-397b-4fa0-b3b4-d03ec10df100,ACTUALIZAR,
PER0042,INV006,Julia Andre,a672ee3f-3684-4024-8b1e-0b88f40db211,341f46ab-e3a9-4b12-9709-0fdd5141d416,ACTUALIZAR,
PER0043,INV007,Niklas Zennström,45345e6e-459a-4cef-894d-e6f055a53cfe,,CRIAR,
PER0044,INV007,Ben Blume,45345e6e-459a-4cef-894d-e6f055a53cfe,,CRIAR,
PER0045,INV007,Laura Connell,45345e6e-459a-4cef-894d-e6f055a53cfe,,CRIAR,
PER0046,INV007,Sasha Vidiborskiy,45345e6e-459a-4cef-894d-e6f055a53cfe,,CRIAR,
PER0047,INV007,Hillary Ball,45345e6e-459a-4cef-894d-e6f055a53cfe,,CRIAR,
PER0048,INV007,Joen Bonnier,45345e6e-459a-4cef-894d-e6f055a53cfe,,CRIAR,
PER0049,INV008,Bernard Liautaud,8fc3f167-a6d5-4dc1-8054-8cc1e8c84955,,CRIAR,
PER0050,INV008,Daniel Waterhouse,8fc3f167-a6d5-4dc1-8054-8cc1e8c84955,,CRIAR,
PER0051,INV008,Rob Moffat,8fc3f167-a6d5-4dc1-8054-8cc1e8c84955,,CRIAR,
PER0052,INV008,James Wise,8fc3f167-a6d5-4dc1-8054-8cc1e8c84955,,CRIAR,
PER0053,INV008,Rana Yared,8fc3f167-a6d5-4dc1-8054-8cc1e8c84955,,CRIAR,
PER0054,INV008,Greta Anderson,8fc3f167-a6d5-4dc1-8054-8cc1e8c84955,,CRIAR,
PER0055,INV008,Elena Moneta,8fc3f167-a6d5-4dc1-8054-8cc1e8c84955,,CRIAR,
PER0056,INV008,Claudia Rowe,8fc3f167-a6d5-4dc1-8054-8cc1e8c84955,,CRIAR,
PER0057,INV008,Shikha Ahluwalia,8fc3f167-a6d5-4dc1-8054-8cc1e8c84955,,CRIAR,
PER0058,INV008,Sivesh Sukumar,8fc3f167-a6d5-4dc1-8054-8cc1e8c84955,,CRIAR,
PER0059,INV009,Filip Dames,bf17944b-d344-4333-b108-5f5c26fb13a1,6f391b43-a3f4-4146-ae79-5772ec114e0b,ACTUALIZAR,
PER0060,INV009,Christian Meermann,bf17944b-d344-4333-b108-5f5c26fb13a1,091956f0-537e-4cbb-af0b-23b3e9859a8f,ACTUALIZAR,
PER0061,INV009,Dinika Mahtani,bf17944b-d344-4333-b108-5f5c26fb13a1,,CRIAR,
PER0062,INV009,Sophia Bendz,bf17944b-d344-4333-b108-5f5c26fb13a1,,CRIAR,
PER0063,INV009,Victor Huerbe,bf17944b-d344-4333-b108-5f5c26fb13a1,,CRIAR,
PER0064,INV009,Nadja Reischel,bf17944b-d344-4333-b108-5f5c26fb13a1,,CRIAR,
PER0065,INV009,Lily Petherick,bf17944b-d344-4333-b108-5f5c26fb13a1,,CRIAR,
PER0066,INV009,Julius de Gruyter,bf17944b-d344-4333-b108-5f5c26fb13a1,,CRIAR,
PER0067,INV009,Patrick Doran,bf17944b-d344-4333-b108-5f5c26fb13a1,,CRIAR,
PER0068,INV010,Staffan Helgesson,f1398f3c-48bf-4dcf-a4c0-ea299ea00374,8a6ec661-418b-40b4-80c5-d9d63957fe49,ACTUALIZAR,
PER0069,INV010,Carl Fritjofsson,f1398f3c-48bf-4dcf-a4c0-ea299ea00374,a8b8f8b4-be98-41a5-b936-a98e00b12b59,ACTUALIZAR,
PER0070,INV010,Fredrik Cassel,f1398f3c-48bf-4dcf-a4c0-ea299ea00374,c755b767-92dc-4bc7-8454-9984f9eb3a67,ACTUALIZAR,
PER0071,INV010,Simon Schmincke,f1398f3c-48bf-4dcf-a4c0-ea299ea00374,904c4358-9cfa-46bd-a198-06b49d8097c5,ACTUALIZAR,
PER0072,INV010,Peter Specht,f1398f3c-48bf-4dcf-a4c0-ea299ea00374,799fa0aa-03d9-4fda-b0f7-345b7b82dfbf,ACTUALIZAR,
PER0073,INV010,Jakob Stein,f1398f3c-48bf-4dcf-a4c0-ea299ea00374,67d129e6-f7df-4905-ad4a-b46b73350eb9,ACTUALIZAR,
PER0074,INV010,Clara Leise,f1398f3c-48bf-4dcf-a4c0-ea299ea00374,3e5ba400-df4d-4cb5-9221-ea468a9c5e48,ACTUALIZAR,
PER0075,INV010,Cam Sellers,f1398f3c-48bf-4dcf-a4c0-ea299ea00374,4a723e93-6644-4295-bc94-625451cd6af7,ACTUALIZAR,
PER0076,INV010,Hanel Baveja,f1398f3c-48bf-4dcf-a4c0-ea299ea00374,3afa0ea5-ea14-4808-837d-db0f95915c51,ACTUALIZAR,
PER0077,INV010,Richard Keuntje,f1398f3c-48bf-4dcf-a4c0-ea299ea00374,f3af0ac3-092e-4d72-932b-f04371018424,ACTUALIZAR,
PER0078,INV010,Sarah Otter,f1398f3c-48bf-4dcf-a4c0-ea299ea00374,9b402dae-f335-4971-b88d-2143e04f7653,ACTUALIZAR,
PER0079,INV010,Maria Raga,f1398f3c-48bf-4dcf-a4c0-ea299ea00374,4599398c-fa8b-48c1-860f-b0be82a1f191,ACTUALIZAR,
PER0080,INV011,Jeppe Zink,6ae60053-408a-4425-bc73-907acd7da406,,CRIAR,
PER0081,INV011,Jessica Schultz,6ae60053-408a-4425-bc73-907acd7da406,,CRIAR,
PER0082,INV011,Michiel Kotting,6ae60053-408a-4425-bc73-907acd7da406,,CRIAR,
PER0083,INV011,Pär-Jörgen Pärson,6ae60053-408a-4425-bc73-907acd7da406,,CRIAR,
PER0084,INV011,Sam Endacott,6ae60053-408a-4425-bc73-907acd7da406,,CRIAR,
PER0085,INV011,Sanjot Malhi,6ae60053-408a-4425-bc73-907acd7da406,,CRIAR,
PER0086,INV011,Wendy Xiao,6ae60053-408a-4425-bc73-907acd7da406,,CRIAR,
PER0087,INV011,Molly Alter,6ae60053-408a-4425-bc73-907acd7da406,,CRIAR,
PER0088,INV011,Elena Pantazi,6ae60053-408a-4425-bc73-907acd7da406,,CRIAR,
PER0089,INV011,Dominik Esen,6ae60053-408a-4425-bc73-907acd7da406,,CRIAR,
PER0090,INV011,Manavi Mehra,6ae60053-408a-4425-bc73-907acd7da406,,CRIAR,
PER0091,INV011,Paul Murphy,6ae60053-408a-4425-bc73-907acd7da406,,CRIAR,
PER0092,INV012,Anton Waitz,435c6291-288a-45c5-ab15-4afe310948a0,070adfb4-c295-4735-9ad8-9d4bb73a48e4,ACTUALIZAR,
PER0093,INV012,Uwe Horstmann,435c6291-288a-45c5-ab15-4afe310948a0,953980c8-11df-4d90-b57e-e43b40befdec,ACTUALIZAR,
PER0094,INV012,Florian Heinemann,435c6291-288a-45c5-ab15-4afe310948a0,1e2571de-d70a-4344-a63c-f80c29925fa8,ACTUALIZAR,
PER0095,INV012,Thies Sander,435c6291-288a-45c5-ab15-4afe310948a0,e2beddfc-7eb4-4e26-b92d-37493b2a4fe8,ACTUALIZAR,
PER0096,INV012,Ben Fischer,435c6291-288a-45c5-ab15-4afe310948a0,,CRIAR,
PER0097,INV012,Jack Wang,435c6291-288a-45c5-ab15-4afe310948a0,cb1f550d-f561-4918-b52b-9c06e4ddef17,ACTUALIZAR,
PER0098,INV012,Malin Posern,435c6291-288a-45c5-ab15-4afe310948a0,5ad8ffe3-e3c4-43d8-a61f-1691e995a9f2,ACTUALIZAR,
PER0099,INV012,Philipp Werner,435c6291-288a-45c5-ab15-4afe310948a0,c9320a4f-62e1-48ca-a2ab-28dc598e92ae,ACTUALIZAR,4e9b6f4a-1b2a-47b5-a997-bf0d90313fb1 @ Frontline Ventures — já casa na Project A; o de Frontline é provavelmente homónimo — NÃO tocar
PER0100,INV012,Mila Cramer,435c6291-288a-45c5-ab15-4afe310948a0,,CRIAR,
PER0101,INV012,Andrea Emanuelli,435c6291-288a-45c5-ab15-4afe310948a0,,CRIAR,
PER0102,INV013,Josh Bell,3e747170-2b9b-4cc2-a1c0-25913ff6eb40,,CRIAR,
PER0103,INV013,Norman Fiore,3e747170-2b9b-4cc2-a1c0-25913ff6eb40,,CRIAR,
PER0104,INV013,Evgenia Plotnikova,3e747170-2b9b-4cc2-a1c0-25913ff6eb40,,CRIAR,
PER0105,INV013,Haakon Overli,3e747170-2b9b-4cc2-a1c0-25913ff6eb40,,CRIAR,
PER0106,INV013,Shamillah Bankiya,3e747170-2b9b-4cc2-a1c0-25913ff6eb40,,CRIAR,
PER0107,INV013,Dan Chaplin,3e747170-2b9b-4cc2-a1c0-25913ff6eb40,,CRIAR,
PER0108,INV013,Henry Mason,3e747170-2b9b-4cc2-a1c0-25913ff6eb40,,CRIAR,
PER0109,INV013,Daniela Raffel Torrebiarte,3e747170-2b9b-4cc2-a1c0-25913ff6eb40,,CRIAR,
PER0110,INV013,Zoe Qin,3e747170-2b9b-4cc2-a1c0-25913ff6eb40,,CRIAR,
PER0111,INV013,Roméo Walter,3e747170-2b9b-4cc2-a1c0-25913ff6eb40,,CRIAR,
PER0112,INV014,Paul Davidson,d0962348-5ce9-4809-a348-104e764a9b73,,CRIAR,
PER0113,INV014,Will Gibbs,d0962348-5ce9-4809-a348-104e764a9b73,,CRIAR,
PER0114,INV014,Tosin Agbabiaka,d0962348-5ce9-4809-a348-104e764a9b73,,CRIAR,
PER0115,INV014,Santiago Fernandez,d0962348-5ce9-4809-a348-104e764a9b73,,CRIAR,
PER0116,INV014,Theo Xydas,d0962348-5ce9-4809-a348-104e764a9b73,,CRIAR,
PER0117,INV014,Angel Issa,d0962348-5ce9-4809-a348-104e764a9b73,,CRIAR,
PER0118,INV014,Zihao Xu,d0962348-5ce9-4809-a348-104e764a9b73,,CRIAR,
PER0119,INV014,Constanza Diaz,d0962348-5ce9-4809-a348-104e764a9b73,,CRIAR,
PER0120,INV015,Jos White,c13b6517-af8a-4fc4-b759-0103507e8f41,,CRIAR,
PER0121,INV015,Stephen Chandler,c13b6517-af8a-4fc4-b759-0103507e8f41,,CRIAR,
PER0122,INV015,Itxaso del Palacio,c13b6517-af8a-4fc4-b759-0103507e8f41,,CRIAR,
PER0123,INV015,Patrick Norris,c13b6517-af8a-4fc4-b759-0103507e8f41,,CRIAR,
PER0124,INV015,Kamil Mieczakowski,c13b6517-af8a-4fc4-b759-0103507e8f41,,CRIAR,
PER0125,INV015,Stephen Millard,c13b6517-af8a-4fc4-b759-0103507e8f41,,CRIAR,
PER0126,INV016,Carles Ferrer,521d2b65-e572-4c89-aad1-9cab7b3cff3d,,CRIAR,
PER0127,INV016,Jordi Viñas,521d2b65-e572-4c89-aad1-9cab7b3cff3d,,CRIAR,
PER0128,INV016,Borja Breña,521d2b65-e572-4c89-aad1-9cab7b3cff3d,,CRIAR,
PER0129,INV016,Conor Scanlan,521d2b65-e572-4c89-aad1-9cab7b3cff3d,,CRIAR,
PER0130,INV016,Andrea Oliver,521d2b65-e572-4c89-aad1-9cab7b3cff3d,,CRIAR,
PER0131,INV016,Theo Wethered,521d2b65-e572-4c89-aad1-9cab7b3cff3d,,CRIAR,
PER0132,INV016,Ana Fernandez,521d2b65-e572-4c89-aad1-9cab7b3cff3d,,CRIAR,
PER0133,INV016,Stella Buhalis,521d2b65-e572-4c89-aad1-9cab7b3cff3d,,CRIAR,
PER0134,INV016,Arthur Sbert,521d2b65-e572-4c89-aad1-9cab7b3cff3d,,CRIAR,
PER0135,INV017,Iñaki Arrola,26a49baf-7ae2-491c-9285-89a0f0b5c832,be214c43-f7ad-4d82-9c41-34018ecf1223,ACTUALIZAR,
PER0136,INV017,Carina Szpilka,26a49baf-7ae2-491c-9285-89a0f0b5c832,5aa9b5e6-44e2-479a-a3f9-106996d217c7,ACTUALIZAR,
PER0137,INV017,Pablo Ventura,26a49baf-7ae2-491c-9285-89a0f0b5c832,5ac41791-7483-4c78-82d2-5633eaef9ed7,ACTUALIZAR,
PER0138,INV017,Marc Clemente,26a49baf-7ae2-491c-9285-89a0f0b5c832,114898ac-d0f5-4758-8adf-cc8507fa3529,ACTUALIZAR,
PER0139,INV017,Jaime Novoa,26a49baf-7ae2-491c-9285-89a0f0b5c832,2afab137-9790-46e5-a9df-c3c709d7b511,ACTUALIZAR,
PER0140,INV017,Gustavo Ribas,26a49baf-7ae2-491c-9285-89a0f0b5c832,24b4f6eb-9e95-4846-9e55-29aa384bbe0c,ACTUALIZAR,
PER0141,INV017,Borja Santos,26a49baf-7ae2-491c-9285-89a0f0b5c832,a7f0471f-7b69-44bc-97af-f104d62458b0,ACTUALIZAR,
PER0142,INV017,Sergio Álvarez Leiva,26a49baf-7ae2-491c-9285-89a0f0b5c832,a42845eb-c4b6-414d-889f-92add4beaa10,ACTUALIZAR,
PER0143,INV018,José del Barrio,db8c9441-cb8e-4625-a8df-82409700e774,,CRIAR,
PER0144,INV018,Eduardo Diez-Hochleitner,db8c9441-cb8e-4625-a8df-82409700e774,,CRIAR,
PER0145,INV018,Luis Garay,db8c9441-cb8e-4625-a8df-82409700e774,,CRIAR,
PER0146,INV018,Alberto Cuevas,db8c9441-cb8e-4625-a8df-82409700e774,,CRIAR,
PER0147,INV018,Pablo Ferreras,db8c9441-cb8e-4625-a8df-82409700e774,,CRIAR,
PER0148,INV018,Íñigo Laucirica,db8c9441-cb8e-4625-a8df-82409700e774,,CRIAR,
PER0149,INV018,Irene Gentili,db8c9441-cb8e-4625-a8df-82409700e774,,CRIAR,
PER0150,INV018,Carmen Sánchez,db8c9441-cb8e-4625-a8df-82409700e774,,CRIAR,
PER0151,INV019,Marco Neves,7cddf0fb-2ee6-49f0-9379-ba6cd8777e22,d1ee1ba4-7643-4a99-9d0d-2914fb15dfe0,ACTUALIZAR,
PER0152,INV019,João Paulo Miranda,7cddf0fb-2ee6-49f0-9379-ba6cd8777e22,1a972831-7b4f-49d5-908f-fcb40f770039,ACTUALIZAR,
PER0153,INV019,Carla Areias,7cddf0fb-2ee6-49f0-9379-ba6cd8777e22,906a1ded-0d16-4086-8cb8-155c0ae7218f,ACTUALIZAR,
PER0154,INV019,Miguel Barbosa,7cddf0fb-2ee6-49f0-9379-ba6cd8777e22,2bf4ec41-8af1-4d33-a903-71b3c8e1a648,ACTUALIZAR,
PER0155,INV019,Nuno Oliveira,7cddf0fb-2ee6-49f0-9379-ba6cd8777e22,08d16b31-6d12-48a2-9fc1-a04bbbf77ca8,ACTUALIZAR,
PER0156,INV020,Stephan de Moraes,fbde8b3e-1b4c-498e-bcee-6da27fd6424b,3deaef15-f9b4-45f9-8caa-0a111fa58602,ACTUALIZAR,
PER0157,INV020,Ricardo Torgal,fbde8b3e-1b4c-498e-bcee-6da27fd6424b,ac98a9ce-58f9-423a-8f91-f83d4fc0bc6c,ACTUALIZAR,
PER0158,INV020,Cristina Fonseca,fbde8b3e-1b4c-498e-bcee-6da27fd6424b,20784284-2217-44f0-9ff2-57133639d9a0,ACTUALIZAR,
PER0159,INV020,Rui Rodrigues,fbde8b3e-1b4c-498e-bcee-6da27fd6424b,0bab99d4-0ce0-4108-a916-20f9cd11df7d,ACTUALIZAR,
PER0160,INV020,André Almeida Santos,fbde8b3e-1b4c-498e-bcee-6da27fd6424b,c1dc7edd-c8c6-4181-bbe5-bdd22bd7a058,ACTUALIZAR,
PER0161,INV020,Rui Jerónimo,fbde8b3e-1b4c-498e-bcee-6da27fd6424b,7041b005-93e4-42b9-968e-4ee739bba4ac,ACTUALIZAR,
PER0162,INV020,João Pedro Roque,fbde8b3e-1b4c-498e-bcee-6da27fd6424b,dbdb1eb5-7776-4dac-9b0d-412b63dec617,ACTUALIZAR,
PER0163,INV020,Tomás Marchão Marques,fbde8b3e-1b4c-498e-bcee-6da27fd6424b,a3302585-03c7-4b74-8f6c-8aba488c7ec7,ACTUALIZAR,
PER0164,INV021,Ricardo Jacinto,11111111-0000-4000-a000-000000000006,b023f0f4-7874-4c11-9a05-f5a144861829,ACTUALIZAR,
PER0165,INV021,Pedro Ramalho Carlos,11111111-0000-4000-a000-000000000006,c7dee61b-4e27-4d14-9dc7-ba05babacba6,ACTUALIZAR,eba83aa1-ff15-4c74-bdeb-322a0011549f @ Investors Portugal — já casa na Shilling; a de Investors Portugal é 2.ª afiliação legítima — NÃO fundir
PER0166,INV021,Hugo Gonçalves Pereira,11111111-0000-4000-a000-000000000006,49ddc040-06b9-47c0-b03c-4257c2c20f97,AFILIAR_EXISTENTE,49ddc040-06b9-47c0-b03c-4257c2c20f97 @ Investors Portugal — acrescentar afiliação Shilling à pessoa existente
PER0167,INV021,Miguel Santo Amaro,11111111-0000-4000-a000-000000000006,874ef44c-06c9-4740-b70e-2172a34e5ce8,ACTUALIZAR,
PER0168,INV021,Pedro Rosa,11111111-0000-4000-a000-000000000006,29e8e659-d1a1-46cb-a4c3-c179efa28812,ACTUALIZAR,
PER0169,INV021,Tomás Güida,11111111-0000-4000-a000-000000000006,44a866cc-c3e1-4f64-beef-a65b63f6be60,ACTUALIZAR,
PER0170,INV021,António Casanova,11111111-0000-4000-a000-000000000006,301cc59e-34af-40a6-aa72-4789d6809c39,ACTUALIZAR,
PER0171,INV021,Diogo da Silveira,11111111-0000-4000-a000-000000000006,850561fe-8cb7-41ff-9db8-081dcc28350f,ACTUALIZAR,
PER0172,INV021,João Coelho Borges,11111111-0000-4000-a000-000000000006,083ad115-e2cc-45ea-a81b-83ad4a9caeef,ACTUALIZAR,
PER0173,INV021,Juan Alvarez,11111111-0000-4000-a000-000000000006,cdddb9be-c8e9-4c41-b048-640e87febe0b,ACTUALIZAR,
PER0174,INV021,Pedro Santos Vieira,11111111-0000-4000-a000-000000000006,33d843d4-b521-41a5-8c97-1a5c9f44f67e,ACTUALIZAR,
PER0175,INV021,Pedro Rutkowski,11111111-0000-4000-a000-000000000006,9f67dd75-e690-4b6e-aff3-0ec56cb3624e,ACTUALIZAR,
PER0176,INV022,Joaquim Sérvulo Rodrigues,e797379b-3b06-4711-8d20-12f4558b7a0f,577a3878-429e-4b0d-be21-32ad11b36c66,ACTUALIZAR,e00b71f4-4f24-4579-9d98-664c002c0d39 @ Investors Portugal — já casa na Armilar; idem
PER0177,INV022,Pedro Ribeiro Santos,e797379b-3b06-4711-8d20-12f4558b7a0f,fdec063f-9883-4c63-a404-0aa98a180a7e,ACTUALIZAR,
PER0178,INV022,Duarte Mineiro,e797379b-3b06-4711-8d20-12f4558b7a0f,c5ac3783-e857-47a8-b73f-b6883b178bb1,ACTUALIZAR,
PER0179,INV022,Nuno Leite,e797379b-3b06-4711-8d20-12f4558b7a0f,b5158f3d-cc34-4646-badd-85cb5094b6f7,ACTUALIZAR,
PER0180,INV022,João Dias,e797379b-3b06-4711-8d20-12f4558b7a0f,b8583a07-3c90-4bf9-b69a-45d4f4be72ce,ACTUALIZAR,
PER0181,INV022,Rodolfo Condessa,e797379b-3b06-4711-8d20-12f4558b7a0f,4b34ef4f-bef3-4356-8dd8-e578bffc34bd,ACTUALIZAR,
PER0182,INV022,Pedro Castel-Branco,e797379b-3b06-4711-8d20-12f4558b7a0f,87b433e7-9b82-4654-8275-c0b6f058f37d,ACTUALIZAR,
PER0183,INV022,Inês de Macedo Santos,e797379b-3b06-4711-8d20-12f4558b7a0f,22471457-e194-482a-a6ad-13c7143d2a8f,ACTUALIZAR,
PER0184,INV022,Pedro Almeida,e797379b-3b06-4711-8d20-12f4558b7a0f,1739fd6c-346e-4daa-a054-e020c116ee0a,ACTUALIZAR,
PER0185,INV022,Darío Villena,e797379b-3b06-4711-8d20-12f4558b7a0f,496da02d-0dba-4e3e-b778-c9b34befaf34,ACTUALIZAR,
PER0186,INV023,Hussein Kanji,48e7eac6-7581-44c9-90cf-fcd55c42d57e,,CRIAR,
PER0187,INV023,Payton Dobbs,48e7eac6-7581-44c9-90cf-fcd55c42d57e,,CRIAR,
PER0188,INV023,Midge Mazzier,48e7eac6-7581-44c9-90cf-fcd55c42d57e,,CRIAR,
PER0189,INV023,Rishabh Kaul,48e7eac6-7581-44c9-90cf-fcd55c42d57e,,CRIAR,
PER0190,INV024,Leila Zegna,beeabdc1-4eb9-421a-965f-8adcb4fe9c90,,CRIAR,
PER0191,INV024,Chrys Chrysanthou,beeabdc1-4eb9-421a-965f-8adcb4fe9c90,,CRIAR,
PER0192,INV024,John Cassidy,beeabdc1-4eb9-421a-965f-8adcb4fe9c90,,CRIAR,
PER0193,INV024,Mark Evans,beeabdc1-4eb9-421a-965f-8adcb4fe9c90,,CRIAR,
PER0194,INV024,Russell Buckley,beeabdc1-4eb9-421a-965f-8adcb4fe9c90,,CRIAR,
PER0195,INV024,Max Bray,beeabdc1-4eb9-421a-965f-8adcb4fe9c90,,CRIAR,
PER0196,INV024,Irina Haivas,beeabdc1-4eb9-421a-965f-8adcb4fe9c90,,CRIAR,
PER0197,INV024,Juliet Bailin,beeabdc1-4eb9-421a-965f-8adcb4fe9c90,,CRIAR,
PER0198,INV025,Pietro Bezza,061e685b-f35d-42ab-acea-b8fde23b2d60,,CRIAR,
PER0199,INV025,Sitar Teli,061e685b-f35d-42ab-acea-b8fde23b2d60,,CRIAR,
PER0200,INV025,Rory Stirling,061e685b-f35d-42ab-acea-b8fde23b2d60,,CRIAR,
PER0201,INV026,Jimmy Fussing Nielsen,fba14c8e-3adf-4bed-b7c9-0dfb19fba9d1,,CRIAR,
PER0202,INV026,Christian Lindegaard Jepsen,fba14c8e-3adf-4bed-b7c9-0dfb19fba9d1,,CRIAR,
PER0203,INV026,Max Niederhofer,fba14c8e-3adf-4bed-b7c9-0dfb19fba9d1,,CRIAR,
PER0204,INV026,Yacine Ghalim,fba14c8e-3adf-4bed-b7c9-0dfb19fba9d1,,CRIAR,
PER0205,INV026,Naza Metghalchi,fba14c8e-3adf-4bed-b7c9-0dfb19fba9d1,,CRIAR,
PER0206,INV026,Lærke Rud Hansen,fba14c8e-3adf-4bed-b7c9-0dfb19fba9d1,,CRIAR,
PER0207,INV026,Bérenger Teboul-Danguin,fba14c8e-3adf-4bed-b7c9-0dfb19fba9d1,,CRIAR,
PER0208,INV026,Tomáš Fanta,fba14c8e-3adf-4bed-b7c9-0dfb19fba9d1,,CRIAR,
PER0209,INV027,Romain Lavault,082376fd-1f9c-4c58-bb19-c30f1224c43b,,CRIAR,
PER0210,INV027,Boris Golden,082376fd-1f9c-4c58-bb19-c30f1224c43b,,CRIAR,
PER0211,INV027,Réza Malekzadeh,082376fd-1f9c-4c58-bb19-c30f1224c43b,,CRIAR,
PER0212,INV027,Alison Imbert,082376fd-1f9c-4c58-bb19-c30f1224c43b,,CRIAR,
PER0213,INV027,Moritz Steinbrecher,082376fd-1f9c-4c58-bb19-c30f1224c43b,,CRIAR,
PER0214,INV027,Simone Riva,082376fd-1f9c-4c58-bb19-c30f1224c43b,,CRIAR,
PER0215,INV027,Ariadne Lemieux-Cumberlege,082376fd-1f9c-4c58-bb19-c30f1224c43b,,CRIAR,
PER0216,INV028,Dries Crevits,78a6eec2-97a5-40af-a472-5a9f37a82948,275b71f6-ed54-4964-8cfc-1cd483100961,ACTUALIZAR,lote 2
PER0217,INV028,Hilde Van der Straeten,78a6eec2-97a5-40af-a472-5a9f37a82948,32aadd9c-a2f6-4c98-b6a4-715e9846ae50,ACTUALIZAR,lote 2
PER0218,INV028,Quentin Dupont,78a6eec2-97a5-40af-a472-5a9f37a82948,7495e177-3c1c-4322-a6e0-0a620ec9bce3,ACTUALIZAR,lote 2
PER0219,INV028,Karel Van Cleemput,78a6eec2-97a5-40af-a472-5a9f37a82948,a8b2c638-c714-4f72-b861-3504b8b66721,ACTUALIZAR,lote 2
PER0220,INV028,David Devigne,78a6eec2-97a5-40af-a472-5a9f37a82948,2cea7bbf-d87d-49ac-8810-51115f5425e2,ACTUALIZAR,lote 2
PER0221,INV028,Katti Van Oosterwijck,78a6eec2-97a5-40af-a472-5a9f37a82948,e8063d16-8d31-4c1d-b4e2-a6152162f751,ACTUALIZAR,lote 2
PER0222,INV029,Riccardo Porcelli,19b2b90d-d176-4872-a682-47cc9d4cb8e2,,CRIAR,lote 2
PER0223,INV029,Luigi Lonardi,19b2b90d-d176-4872-a682-47cc9d4cb8e2,,CRIAR,lote 2
PER0224,INV030,Alexander Fink,NOVA,,CRIAR,lote 2
PER0225,INV030,Jordan Fink,NOVA,,CRIAR,lote 2
PER0226,INV031,Ross Mason,NOVA,,CRIAR,lote 2
PER0227,INV031,Melissa Klinger,NOVA,,CRIAR,lote 2
PER0228,INV031,Rytis Vitkauskas,NOVA,,CRIAR,lote 2
PER0229,INV032,Jon Lerner,NOVA,,CRIAR,lote 2
PER0230,INV032,Joe Knowles,NOVA,,CRIAR,lote 2
PER0231,INV032,Rob Toms,NOVA,,CRIAR,lote 2
PER0232,INV032,Peter Duffy,NOVA,,CRIAR,lote 2
PER0233,INV032,Freddie Kalfayan,NOVA,,CRIAR,lote 2
PER0234,INV033,Hector Mason,ed086f45-68cc-4587-a2d8-eafa1e6ca79e,,CRIAR,lote 2
PER0235,INV033,Adam Shuaib,ed086f45-68cc-4587-a2d8-eafa1e6ca79e,,CRIAR,lote 2
PER0236,INV033,Simon Murdoch,ed086f45-68cc-4587-a2d8-eafa1e6ca79e,,CRIAR,lote 2
PER0237,INV033,Paul McNabb,ed086f45-68cc-4587-a2d8-eafa1e6ca79e,,CRIAR,lote 2
PER0238,INV033,Adrian Lloyd,ed086f45-68cc-4587-a2d8-eafa1e6ca79e,,CRIAR,lote 2
PER0239,INV033,Millan Suri,ed086f45-68cc-4587-a2d8-eafa1e6ca79e,,CRIAR,lote 2
PER0240,INV033,Nuan Zhang,ed086f45-68cc-4587-a2d8-eafa1e6ca79e,,CRIAR,lote 2
PER0241,INV034,Reece Chowdhry,e6464ba3-f8fa-435e-9b4b-6d2c690c6fa5,65fa2c47-29f9-45f6-86e3-5e3ade50dad6,ACTUALIZAR,lote 2
PER0242,INV034,Oliver Kicks,e6464ba3-f8fa-435e-9b4b-6d2c690c6fa5,002858c5-ee32-4d4a-8932-e3c540214b3c,ACTUALIZAR,lote 2
PER0243,INV034,Jeff Chowdhry,e6464ba3-f8fa-435e-9b4b-6d2c690c6fa5,0245a6a1-d33b-43ab-b63f-cf589829aea9,ACTUALIZAR,lote 2
PER0244,INV034,Hugo Hazon,e6464ba3-f8fa-435e-9b4b-6d2c690c6fa5,436cb561-1a74-44cf-9db5-050dd29296d9,ACTUALIZAR,lote 2
PER0245,INV034,Anrea Munsamy,e6464ba3-f8fa-435e-9b4b-6d2c690c6fa5,a7d9df9b-17af-495b-9d86-dac2c892f7ee,ACTUALIZAR,lote 2
PER0246,INV034,Kudei Sawyer Moses,e6464ba3-f8fa-435e-9b4b-6d2c690c6fa5,19755618-c4f8-48ab-99bd-9395d159f2d5,ACTUALIZAR,lote 2
PER0247,INV035,Ben Miles,NOVA,,CRIAR,lote 2
PER0248,INV035,Johnathan Matlock,NOVA,,CRIAR,lote 2
